Item Number,Site,Work Order,ID,Quantity Ordered,Quantity Completed,Quantity Open,Order Date,Due Date,Sales/Job,Work Order Status,Release Date
116716-00,JP,10050255,658773,"30,000.0","31,480.0",0.0,05/10/2017,13/11/2017,S138302,R,06/10/2017
14-100018-44-01,JP,10120265,660219,"200,000.0","200,000.0",0.0,12/10/2017,20/10/2017,S138412,R,12/10/2017
1600A003UF,JP,09280253,657173,"3,000.0","3,266.0",0.0,28/09/2017,04/10/2017,Z105324,R,28/09/2017
1600A00S2W,JP,467241,640896,"1,000.0",0.0,"1,000.0",13/07/2017,19/07/2017,Z105944,R,13/07/2017
1600A00U60,JP,468584,660239,"2,000.0",0.0,"2,000.0",12/10/2017,17/10/2017,Z106240,R,12/10/2017
1600A00U63,JP,468590,660260,"1,000.0",0.0,"1,000.0",12/10/2017,17/10/2017,Z106241,R,12/10/2017
1600A00X2Y,JP,468591,660273,"1,000.0",0.0,"1,000.0",12/10/2017,17/10/2017,Z105973,R,12/10/2017
1600A00Y5U,JP,468504,658671,"1,000.0",0.0,"1,000.0",05/10/2017,11/10/2017,Z105930,R,05/10/2017
16099221BC,JP,468321,655940,"5,000.0","4,281.0",719.0,22/09/2017,27/09/2017,Z106052,R,22/09/2017
1609929R88,JP,468751,662128,"1,000.0",0.0,"1,000.0",24/10/2017,25/10/2017,KEEP,R,24/10/2017
1609929X22,JP,10050247,658725,720.0,0.0,720.0,05/10/2017,11/10/2017,Z105503,R,05/10/2017
1609929X22,JP,468683,661018,"2,880.0",0.0,"2,880.0",16/10/2017,17/10/2017,KEEP,R,16/10/2017
160992A1A8,JP,468596,660290,"10,000.0",0.0,"10,000.0",12/10/2017,17/10/2017,Z105881,R,12/10/2017
160992A1VH,JP,10050238,658677,"6,000.0","6,175.0",0.0,05/10/2017,11/10/2017,Z105844,R,05/10/2017
160992A1WZ,JP,10050239,658678,"7,000.0","7,224.0",0.0,05/10/2017,11/10/2017,Z105754,R,05/10/2017
160992A1XU,JP,468531,658778,"1,000.0","1,058.0",0.0,05/10/2017,11/10/2017,Z106110,R,05/10/2017
160992A1XU,JP,468638,660455,"1,000.0",0.0,"1,000.0",13/10/2017,17/10/2017,Z106110,R,13/10/2017
160992A1YM,JP,468734,661969,500.0,0.0,500.0,23/10/2017,24/10/2017,KEEP,R,23/10/2017
160992A1YP,JP,468632,660432,"1,000.0","1,068.0",0.0,13/10/2017,14/10/2017,Z106065,R,13/10/2017
160992A1Z6,JP,468622,660419,"5,000.0","5,076.0",0.0,13/10/2017,17/10/2017,Z105863,R,13/10/2017
160992A23E,JP,468628,660427,"5,000.0",0.0,"5,000.0",13/10/2017,17/10/2017,Z106061,R,13/10/2017
160992A274,JP,468440,657250,"1,000.0","1,056.0",0.0,28/09/2017,04/10/2017,Z106041,R,28/09/2017
160992A276,JP,468331,655961,"2,000.0","2,019.0",0.0,22/09/2017,27/09/2017,Z105986,R,22/09/2017
160992A27K,JP,468436,657242,"5,000.0","4,902.0",98.0,28/09/2017,04/10/2017,Z106062,R,28/09/2017
160992A27L,JP,468537,658792,"6,000.0","5,931.0",69.0,05/10/2017,11/10/2017,Z105916,R,05/10/2017
160992A294,JP,468625,660424,500.0,0.0,500.0,13/10/2017,17/10/2017,Z106060,R,13/10/2017
160992A2CV,JP,468506,658679,"2,000.0","2,172.0",0.0,05/10/2017,11/10/2017,Z105743,R,05/10/2017
160992A2D7,JP,468601,660325,"10,000.0","8,802.0","1,198.0",12/10/2017,17/10/2017,Z105850,R,12/10/2017
160992A2P0,JP,468417,657180,"5,000.0","5,033.0",0.0,28/09/2017,04/10/2017,Z106249,R,28/09/2017
160992A2SC,JP,468302,655889,"1,000.0",0.0,"1,000.0",21/09/2017,27/09/2017,Z106250,R,22/09/2017
160992A306,JP,468509,658684,"2,000.0",0.0,"2,000.0",05/10/2017,11/10/2017,Z105639,R,05/10/2017
160992A34N,JP,468420,657186,"8,000.0","8,190.0",0.0,28/09/2017,04/10/2017,Z106236,R,28/09/2017
160992A39C,JP,468103,652900,"10,000.0","9,918.0",82.0,07/09/2017,13/09/2017,Z106302,R,07/09/2017
160992A3BE,JP,468731,661902,"1,000.0",0.0,"1,000.0",23/10/2017,24/10/2017,KEEP,R,23/10/2017
160992A3CE,JP,468734,661968,500.0,0.0,500.0,23/10/2017,24/10/2017,KEEP,R,23/10/2017
160992A3CL,JP,468622,660417,"5,000.0","5,046.0",0.0,13/10/2017,17/10/2017,Z105863,R,13/10/2017
160992A3CR,JP,468533,658782,500.0,0.0,500.0,05/10/2017,11/10/2017,Z106060,R,05/10/2017
160992A3CR,JP,468625,660422,500.0,0.0,500.0,13/10/2017,17/10/2017,Z106060,R,13/10/2017
160992A3D8,JP,468628,660426,"5,000.0",0.0,"5,000.0",13/10/2017,17/10/2017,Z106061,R,13/10/2017
160992A3DA,JP,468537,658790,"6,000.0","6,053.0",0.0,05/10/2017,11/10/2017,Z105916,R,05/10/2017
160992A3RG,JP,468679,660904,"5,000.0",0.0,"5,000.0",16/10/2017,17/10/2017,KEEP,R,23/10/2017
160992A3SC,JP,468750,662124,500.0,0.0,500.0,24/10/2017,30/10/2017,SAMP+PRO,R,24/10/2017
160992A3SS,JP,468635,660451,"5,000.0",0.0,"5,000.0",13/10/2017,17/10/2017,Z106091,R,13/10/2017
160992A3T2,JP,468635,660449,"5,000.0",0.0,"5,000.0",13/10/2017,17/10/2017,Z106091,R,13/10/2017
160992A3UD,JP,468531,658776,"1,000.0",0.0,"1,000.0",05/10/2017,11/10/2017,Z106110,R,05/10/2017
160992A3UD,JP,468638,660454,"1,000.0",0.0,"1,000.0",13/10/2017,17/10/2017,Z106110,R,13/10/2017
160992A3WC,JP,468475,657935,"1,000.0","1,368.0",0.0,02/10/2017,04/10/2017,KEEP,R,02/10/2017
160992A3WW,JP,468307,655916,"25,000.0","25,368.0",0.0,22/09/2017,27/09/2017,Z106283,R,22/09/2017
160992A3WX,JP,07200205,642658,"6,000.0",0.0,"6,000.0",20/07/2017,26/07/2017,Z106221,R,20/07/2017
160992A3WX,JP,468288,655692,500.0,452.0,48.0,21/09/2017,26/09/2017,SAMP+PRO,R,21/09/2017
160992A3WX,JP,468568,659693,"3,000.0","2,976.0",24.0,10/10/2017,11/10/2017,KEEP,R,10/10/2017
160992A3YE,JP,09220271,655917,"14,000.0","14,256.0",0.0,22/09/2017,27/09/2017,Z106239,R,25/09/2017
160992A3YE,JP,468634,660436,"14,000.0",0.0,"14,000.0",13/10/2017,17/10/2017,Z106239,R,13/10/2017
1619929L22,JP,468497,658571,"1,000.0","1,125.0",0.0,04/10/2017,09/10/2017,KEEP,R,04/10/2017
1619P13753,JP,10060242,658891,"5,000.0",0.0,"5,000.0",06/10/2017,11/10/2017,Z105351,R,06/10/2017
1619P31811,JP,468193,654372,"10,000.0","10,320.0",0.0,14/09/2017,20/09/2017,Z106123,R,15/09/2017
2609141098,JP,468650,660499,"1,000.0","1,159.0",0.0,13/10/2017,17/10/2017,Z104630,R,13/10/2017
2609141205,JP,10130318,660460,"6,000.0",0.0,"6,000.0",13/10/2017,17/10/2017,Z104844,R,13/10/2017
2610038160,JP,468640,660461,"5,000.0",0.0,"5,000.0",13/10/2017,17/10/2017,Z105108,R,13/10/2017
2610043222,JP,468081,652808,"1,000.0",0.0,"1,000.0",07/09/2017,13/09/2017,Z106264,R,07/09/2017
2610043222,JP,468643,660473,"1,000.0",0.0,"1,000.0",13/10/2017,17/10/2017,Z106264,R,13/10/2017
2610A14385,JP,10130332,660478,500.0,624.0,0.0,13/10/2017,17/10/2017,Z105001,R,13/10/2017
4-297-267-02,JP,10160289,660866,"5,900.0",0.0,"5,900.0",16/10/2017,31/10/2017,W164685,R,16/10/2017
4-448-129-04,JP,10240320,662075,"11,336.0",0.0,"11,336.0",24/10/2017,07/11/2017,W164688,R,24/10/2017
5011800136,JP,09260338,656796,"2,988.0","2,992.0",0.0,26/09/2017,13/11/2017,S138086,R,26/09/2017
6000007884,JP,10190286,661441,"5,000.0",0.0,"5,000.0",19/10/2017,02/11/2017,S138533,R,20/10/2017
6000009778,JP,10130343,660512,"12,000.0",0.0,"12,000.0",13/10/2017,25/10/2017,S138439,R,16/10/2017
6000009789,JP,10130341,660502,"2,000.0",0.0,"2,000.0",13/10/2017,25/10/2017,S138439,R,13/10/2017
6000009791,JP,10130346,660515,"10,000.0",0.0,"10,000.0",13/10/2017,25/10/2017,S138439,R,16/10/2017
6000009793,JP,10040368,658443,"19,125.0","19,500.0",0.0,04/10/2017,19/10/2017,S138242,R,04/10/2017
6000009793,JP,10130345,660514,"10,000.0",0.0,"10,000.0",13/10/2017,25/10/2017,S138439,R,16/10/2017
6000009797,JP,10130344,660513,"10,000.0",0.0,"10,000.0",13/10/2017,25/10/2017,S138439,R,16/10/2017
6000009926,JP,10190287,661442,"29,409.0",0.0,"29,409.0",19/10/2017,02/11/2017,S138533,R,20/10/2017
6000009927,JP,10190288,661443,"36,200.0",0.0,"36,200.0",19/10/2017,02/11/2017,S138533,R,20/10/2017
60357037AR,JP,468732,661938,500.0,0.0,500.0,23/10/2017,24/10/2017,KEEP,R,23/10/2017
6035765BZ3,JP,468645,660481,"1,000.0",0.0,"1,000.0",13/10/2017,17/10/2017,Z106080,R,13/10/2017
6035960648,JP,10050245,658708,"1,000.0","1,000.0",0.0,05/10/2017,11/10/2017,Z104272,R,05/10/2017
6035960648,JP,10130333,660484,"1,000.0","1,000.0",0.0,13/10/2017,17/10/2017,Z104272,R,13/10/2017
6035960722,JP,10130334,660485,"3,000.0",0.0,"3,000.0",13/10/2017,17/10/2017,Z104526,R,13/10/2017
6035960872,JP,10130335,660486,"1,000.0",0.0,"1,000.0",13/10/2017,17/10/2017,Z104286,R,13/10/2017
6035960945,JP,09280262,657200,"3,000.0","2,830.0",170.0,28/09/2017,04/10/2017,Z104248,R,28/09/2017
6035960963,JP,09280263,657201,"1,000.0",0.0,"1,000.0",28/09/2017,04/10/2017,Z104355,R,28/09/2017
6035961560,JP,468427,657202,"5,000.0",0.0,"5,000.0",28/09/2017,04/10/2017,Z105588,R,28/09/2017
6035962466,JP,10130336,660487,"1,000.0",0.0,"1,000.0",13/10/2017,17/10/2017,Z106265,R,13/10/2017
6035962467,JP,468648,660490,"1,000.0",0.0,"1,000.0",13/10/2017,17/10/2017,Z106072,R,13/10/2017
6035962473,JP,468649,660491,"1,000.0",0.0,"1,000.0",13/10/2017,17/10/2017,Z105908,R,13/10/2017
6035962486,JP,468524,658709,"2,000.0","2,054.0",0.0,05/10/2017,11/10/2017,Z105692,R,05/10/2017
6035962495,JP,468120,652975,"15,000.0","14,229.0",771.0,07/09/2017,13/09/2017,Z106074,R,08/09/2017
6035962510,JP,468313,655930,"10,000.0","7,851.0","2,149.0",22/09/2017,27/09/2017,Z106077,R,22/09/2017
6035962544,JP,10130337,660493,"1,000.0",0.0,"1,000.0",13/10/2017,17/10/2017,Z106267,R,13/10/2017
6035962632,JP,468084,652816,"3,000.0","3,092.0",0.0,07/09/2017,13/09/2017,Z105920,R,07/09/2017
6082710651,JP,10130339,660497,"5,000.0",0.0,"5,000.0",13/10/2017,17/10/2017,Z105606,R,13/10/2017
608271066H,JP,09220279,655933,"8,000.0","7,470.0",530.0,22/09/2017,27/09/2017,Z106230,R,22/09/2017
608271066H,JP,10130340,660500,"5,000.0",0.0,"5,000.0",13/10/2017,17/10/2017,Z106230,R,13/10/2017
6082762230,JP,468430,657205,"1,000.0","1,084.0",0.0,28/09/2017,04/10/2017,Z106273,R,28/09/2017
6082762230,JP,468652,660501,"1,000.0","1,104.0",0.0,13/10/2017,17/10/2017,Z106273,R,13/10/2017
608276224B,JP,468201,654386,"5,000.0",0.0,"5,000.0",14/09/2017,20/09/2017,Z106115,R,15/09/2017
60827622EU,JP,468053,652692,500.0,0.0,500.0,06/09/2017,12/09/2017,SAMP+PRO,R,06/09/2017
60827622F7,JP,468686,661054,500.0,0.0,500.0,16/10/2017,20/10/2017,SAMP+PRO,R,16/10/2017
60827656Z6,JP,468458,657391,"1,000.0",0.0,"1,000.0",28/09/2017,04/10/2017,Z104402,R,29/09/2017
60827658M1,JP,450653,438778,"2,050.0",98.0,"1,952.0",18/04/2014,22/04/2014,SAMP+PRO,R,18/04/2014
6082765AF2,JP,10130342,660503,500.0,0.0,500.0,13/10/2017,17/10/2017,Z106126,R,13/10/2017
6082765AF3,JP,467134,639524,500.0,409.0,91.0,07/07/2017,12/07/2017,Z105255,R,07/07/2017
6082765B8H,JP,10050246,658721,"1,000.0","1,007.0",0.0,05/10/2017,11/10/2017,Z105646,R,05/10/2017
6082765B8H,JP,468653,660504,"1,000.0","1,149.0",0.0,13/10/2017,17/10/2017,Z105646,R,13/10/2017
6082765B97,JP,468654,660520,"1,000.0",0.0,"1,000.0",13/10/2017,17/10/2017,Z105651,R,13/10/2017
6082765BB8,JP,10130349,660521,"20,000.0","10,289.0","9,711.0",13/10/2017,17/10/2017,Z106071,R,13/10/2017
6082765DG3,JP,10130350,660522,"1,000.0",0.0,"1,000.0",13/10/2017,17/10/2017,Z105577,R,13/10/2017
6082765E5F,JP,468319,655937,"5,000.0","4,695.0",305.0,22/09/2017,27/09/2017,Z106238,R,22/09/2017
6082765E63,JP,468688,661057,500.0,0.0,500.0,16/10/2017,20/10/2017,SAMP+PRO,R,16/10/2017
6082765E99,JP,468209,654438,"2,050.0",0.0,"2,050.0",14/09/2017,20/09/2017,SAM+PRO,R,14/09/2017
6082765E9C,JP,468572,659727,"2,700.0",0.0,"2,700.0",10/10/2017,16/10/2017,SAMP+PRO,R,10/10/2017
60828504RW,JP,468203,654389,"15,000.0","6,758.0","8,242.0",14/09/2017,20/09/2017,Z104249,R,15/09/2017
608285057S,JP,09220280,655938,"20,000.0","19,885.0",115.0,22/09/2017,27/09/2017,Z104719,R,22/09/2017
60828505YK,JP,468432,657210,"5,000.0",0.0,"5,000.0",28/09/2017,04/10/2017,Z106112,R,28/09/2017
6082942D6G,JP,468320,655939,"3,000.0",0.0,"3,000.0",22/09/2017,27/09/2017,Z106119,R,22/09/2017
6082942FC9,JP,467563,645786,"2,050.0","2,465.0",0.0,02/08/2017,07/08/2017,SAMP+PRO,R,02/08/2017
6082942FD0,JP,467564,645800,"2,000.0",0.0,"2,000.0",02/08/2017,07/08/2017,SAMP+PRO,R,02/08/2017
6200-800000-0409,JP,08220339,650198,"16,660.0","17,597.0",0.0,22/08/2017,04/09/2017,S137459,R,22/08/2017
6200-800000-0409,JP,10060264,658953,"14,103.0",0.0,"14,103.0",06/10/2017,01/11/2017,S138326,R,09/10/2017
6200-800000-0415,JP,10060263,658952,"4,167.0","5,230.0",0.0,06/10/2017,01/11/2017,S138326,R,06/10/2017
6200-800000-0554,JP,08220334,650193,"9,979.0","10,227.0",0.0,22/08/2017,04/09/2017,S137459,R,22/08/2017
6200-800000-0613,JP,10060265,658955,"19,348.0",0.0,"19,348.0",06/10/2017,01/11/2017,S138326,R,09/10/2017
6200-800000-0628,JP,10060266,658956,"18,993.0","3,672.0","15,321.0",06/10/2017,01/11/2017,S138326,R,06/10/2017
6200-800000-0630,JP,10060267,658959,"4,865.0","1,000.0","3,865.0",06/10/2017,01/11/2017,S138326,R,06/10/2017
775148,JP,468594,654396R,"40,767.0","39,967.0",800.0,12/10/2017,12/10/2017,SHORTAGE,R,12/10/2017
8809264180884,JP,09150257,654733,"3,000.0","3,000.0",0.0,15/09/2017,16/10/2017,S137925,R,18/09/2017
9780794536633,JP,10090364,659518,"5,000.0",0.0,"5,000.0",09/10/2017,06/11/2017,S138358,R,10/10/2017
9780794537937,JP,10090360,659512,"5,000.0",0.0,"5,000.0",09/10/2017,06/11/2017,S138357,R,10/10/2017
9780794542047,JP,09210231,655776,"8,000.0",0.0,"8,000.0",21/09/2017,06/11/2017,S138027,R,27/09/2017
9781409534860,JP,10100215,659626,"1,300.0",0.0,"1,300.0",10/10/2017,06/11/2017,S138364,R,11/10/2017
9781409550082,JP,10100216,659627,"2,000.0",0.0,"2,000.0",10/10/2017,06/11/2017,S138365,R,11/10/2017
9781409551409,JP,10020260,657985,"1,500.0",0.0,"1,500.0",02/10/2017,06/11/2017,S138189,R,03/10/2017
9781409551539,JP,10100213,659624,"2,760.0",0.0,"2,760.0",10/10/2017,06/11/2017,S138363,R,10/10/2017
9781409556749,JP,09210233,655778,"4,000.0",0.0,"4,000.0",21/09/2017,06/11/2017,S138028,R,27/09/2017
9781409557272,JP,10100214,659625,"1,170.0",0.0,"1,170.0",10/10/2017,06/11/2017,S138363,R,10/10/2017
9781409582366,JP,10030200,658134,"1,720.0",0.0,"1,720.0",03/10/2017,06/11/2017,S138209,R,03/10/2017
9781409597476,JP,10090365,659519,"9,300.0",0.0,"9,300.0",09/10/2017,06/11/2017,S138358,R,10/10/2017
9781474933438,JP,10230252,661970,"5,600.0",0.0,"5,600.0",23/10/2017,27/11/2017,S138571,R,23/10/2017
9781474935937,JP,10050229,658650,"10,690.0",0.0,"10,690.0",05/10/2017,06/11/2017,S138277,R,05/10/2017
9781474936651,JP,10030196,658117,"7,140.0",0.0,"7,140.0",03/10/2017,06/11/2017,S138207,R,03/10/2017
9781474944687,JP,10050230,658651,"12,000.0",0.0,"12,000.0",05/10/2017,06/11/2017,S138277,R,05/10/2017
9781474944694,JP,10050231,658652,"4,000.0",0.0,"4,000.0",05/10/2017,06/11/2017,S138277,R,05/10/2017
9781474944977,JP,09150262,654738,"3,000.0","3,000.0",0.0,15/09/2017,16/10/2017,S137925,R,18/09/2017
9781474944984,JP,09150261,654737,"2,000.0","2,000.0",0.0,15/09/2017,16/10/2017,S137925,R,18/09/2017
9781474944991,JP,09150263,654739,"3,000.0","3,000.0",0.0,15/09/2017,16/10/2017,S137925,R,18/09/2017
9781474946520,JP,09150259,654735,"1,500.0","1,500.0",0.0,15/09/2017,16/10/2017,S137925,R,18/09/2017
9781782321750,JP,10020261,657987,"1,000.0",0.0,"1,000.0",02/10/2017,06/11/2017,S138189,R,03/10/2017
9781782322337,JP,10030201,658135,"3,000.0",0.0,"3,000.0",03/10/2017,06/11/2017,S138209,R,03/10/2017
9781782323228,JP,09190261,655222,"5,000.0","5,000.0",0.0,19/09/2017,16/10/2017,S137956,R,19/09/2017
9781782325215,JP,09110339,653477,"7,500.0","7,560.0",0.0,11/09/2017,16/10/2017,S137786,R,11/09/2017
9781782325437,JP,10040410,658523,"1,500.0",0.0,"1,500.0",04/10/2017,13/11/2017,S138260,R,04/10/2017
9781782325642,JP,09110341,653479,"7,500.0","7,640.0",0.0,11/09/2017,16/10/2017,S137789,R,11/09/2017
9781782327585,JP,09210232,655777,"10,000.0",0.0,"10,000.0",21/09/2017,06/11/2017,S138027,R,27/09/2017
9781782327875,JP,09150260,654736,"7,500.0","7,600.0",0.0,15/09/2017,16/10/2017,S137925,R,18/09/2017
9781782327899,JP,10020246,657906,"4,000.0",0.0,"4,000.0",02/10/2017,06/11/2017,S138180,R,02/10/2017
9781782327943,JP,09140219,654340,"7,500.0","7,560.0",0.0,14/09/2017,16/10/2017,S137864,R,15/09/2017
9781782328391,JP,10040413,658529,"2,000.0",0.0,"2,000.0",04/10/2017,13/11/2017,S138261,R,04/10/2017
9786053322184,JP,10030199,658133,"5,000.0",0.0,"5,000.0",03/10/2017,06/11/2017,S138209,R,03/10/2017
9786053607304,JP,10020259,657984,"5,000.0",0.0,"5,000.0",02/10/2017,06/11/2017,S138189,R,03/10/2017
9786053609384,JP,10100212,659623,"5,000.0",0.0,"5,000.0",10/10/2017,06/11/2017,S138363,R,10/10/2017
9789174016123,JP,10040416,658532,"10,000.0",0.0,"10,000.0",04/10/2017,06/11/2017,S138263,R,04/10/2017
9789176174272,JP,09290438,657519,"10,000.0",0.0,"10,000.0",29/09/2017,06/11/2017,S138166,R,02/10/2017
9789177831297,JP,09280313,657340,"15,000.0",0.0,"15,000.0",28/09/2017,06/11/2017,S138138,R,28/09/2017
9789177831303,JP,09280314,657342,"4,000.0",0.0,"4,000.0",28/09/2017,06/11/2017,S138139,R,28/09/2017
9789177831310,JP,09280315,657343,"4,000.0",0.0,"4,000.0",28/09/2017,06/11/2017,S138140,R,28/09/2017
9789177831327,JP,09280316,657344,"10,000.0",0.0,"10,000.0",28/09/2017,06/11/2017,S138142,R,28/09/2017
9789177831334,JP,09290422,657465,"10,000.0",0.0,"10,000.0",29/09/2017,06/11/2017,S138155,R,02/10/2017
9789177831341,JP,10020248,657908,"10,000.0",0.0,"10,000.0",02/10/2017,06/11/2017,S138183,R,03/10/2017
9789177831358,JP,10040403,658514,"10,000.0",0.0,"10,000.0",04/10/2017,06/11/2017,S138256,R,04/10/2017
9789177831365,JP,10040409,658522,"10,000.0",0.0,"10,000.0",04/10/2017,06/11/2017,S138258,R,04/10/2017
9789177831372,JP,09290437,657518,"10,000.0",0.0,"10,000.0",29/09/2017,06/11/2017,S138165,R,02/10/2017
9789177831389,JP,10020247,657907,"10,000.0",0.0,"10,000.0",02/10/2017,06/11/2017,S138182,R,03/10/2017
AC-1451,JP,468728,661886,"50,000.0",0.0,"50,000.0",23/10/2017,23/10/2017,,R,23/10/2017
AC-1452,JP,468730,661889,"5,000.0",0.0,"5,000.0",23/10/2017,23/10/2017,,R,23/10/2017
AC-1456,JP,468729,661888,"5,000.0",0.0,"5,000.0",23/10/2017,23/10/2017,,R,23/10/2017
BB-3484A,JP,468500,658658,"100,000.0","98,500.0","1,500.0",05/10/2017,05/10/2017,,R,05/10/2017
BB-3484A,JP,468698,661224,"100,000.0","97,900.0","2,100.0",17/10/2017,17/10/2017,,R,17/10/2017
BB-3573,JP,468727,661828,"52,300.0","20,460.0","31,840.0",23/10/2017,23/10/2017,,R,23/10/2017
BB-3578,JP,468543,658898,"50,000.0","50,460.0",0.0,06/10/2017,06/10/2017,,R,06/10/2017
BB-3595,JP,468223,654555,"7,750.0","7,500.0",250.0,15/09/2017,15/09/2017,,R,15/09/2017
BOXES-NITRILE(P/W),JP,10170325,661163,"19,700.0",0.0,"19,700.0",17/10/2017,24/10/2017,S138512,R,17/10/2017
D42015/D,JP,468675,657335R,573.0,0.0,573.0,16/10/2017,16/10/2017,SHORTAGE,R,16/10/2017
D42058/C,JP,10160318,661025,"97,376.0",0.0,"97,376.0",16/10/2017,30/10/2017,S138488,R,17/10/2017
DBF1460,JP,08170245,649380,"80,000.0","60,600.0","19,400.0",17/08/2017,29/08/2017,S137398,R,18/08/2017
DBF1460,JP,10060243,658899,"100,000.0",0.0,"100,000.0",06/10/2017,12/10/2017,S138310,R,06/10/2017
DBF1461,JP,468479,651792R,535.0,0.0,535.0,03/10/2017,03/10/2017,SHORTAGE,R,03/10/2017
DBF1461,JP,10160313,661006,"60,000.0",0.0,"60,000.0",16/10/2017,27/10/2017,S138485,R,16/10/2017
DBF1464,JP,08250241,650899,"38,798.0","35,950.0","2,848.0",25/08/2017,06/09/2017,S137532,R,25/08/2017
DBF1464,JP,10200302,661667,"38,000.0",0.0,"38,000.0",20/10/2017,30/10/2017,S138554,R,23/10/2017
DBF1465,JP,468478,653031R,800.0,0.0,800.0,03/10/2017,03/10/2017,SHORTAGE,R,03/10/2017
DBF1465,JP,10200303,661668,"80,000.0",0.0,"80,000.0",20/10/2017,30/10/2017,S138554,R,23/10/2017
DBF1486,JP,468419,646300R,"10,100.0",0.0,"10,100.0",28/09/2017,28/09/2017,SHORTAGE,R,28/09/2017
DBF1486,JP,10120271,660280,"30,000.0",0.0,"30,000.0",12/10/2017,24/10/2017,S138427,R,12/10/2017
DCN400,JP,08100296,647768,"19,790.0","12,000.0","7,790.0",10/08/2017,19/08/2017,S137244,R,11/08/2017
DF4243,JP,10120247,660189,"38,921.0",0.0,"38,921.0",12/10/2017,20/10/2017,S138405,R,12/10/2017
DP4228,JP,09280312,657337,"20,000.0",0.0,"20,000.0",28/09/2017,02/10/2017,S138135,R,28/09/2017
DP4228,JP,09200259,655607,"20,000.0","13,369.0","6,631.0",20/09/2017,12/10/2017,S137991,R,20/09/2017
DP4229,JP,09280311,657336,"29,700.0","29,420.0",280.0,28/09/2017,02/10/2017,S138135,R,28/09/2017
DTRIL 743 FS 012,JP,10200295,661611,"68,800.0",0.0,"68,800.0",20/10/2017,30/10/2017,S138551,R,20/10/2017
DURASAFE NIT GLOVE,JP,10170324,661162,"15,000.0",0.0,"15,000.0",17/10/2017,24/10/2017,S138512,R,17/10/2017
EN01-DO-COSAWA-L0,JP,09150222,654622,"6,292.0",0.0,"6,292.0",15/09/2017,26/10/2017,S137920,R,15/09/2017
EN01-DO-COSAWA-L0,JP,10040424,658558,"6,268.0",0.0,"6,268.0",04/10/2017,28/11/2017,S138268,R,05/10/2017
EN01-DO-COSAWA-M0,JP,09150223,654623,"10,809.0",0.0,"10,809.0",15/09/2017,26/10/2017,S137920,R,15/09/2017
EN01-DO-COSAWA-M0,JP,10040425,658559,"10,807.0",0.0,"10,807.0",04/10/2017,28/11/2017,S138268,R,05/10/2017
EN01-DO-COSAWA-S0,JP,09150224,654624,"5,391.0",0.0,"5,391.0",15/09/2017,26/10/2017,S137920,R,15/09/2017
EN01-DO-COSAWA-S0,JP,10040426,658560,"5,322.0",0.0,"5,322.0",04/10/2017,28/11/2017,S138268,R,05/10/2017
EN01-DO-COSAWA-XL0,JP,09150221,654621,"1,804.0",0.0,"1,804.0",15/09/2017,26/10/2017,S137920,R,15/09/2017
EN01-DO-COSAWA-XL0,JP,10040423,658557,"1,744.0",0.0,"1,744.0",04/10/2017,28/11/2017,S138268,R,05/10/2017
F000622415,JP,468453,657378,"1,000.0","1,944.0",0.0,28/09/2017,04/10/2017,Z104763,R,29/09/2017
F90G-0076AXXXX,JP,10200291,661587,"1,929.0",0.0,"1,929.0",20/10/2017,13/11/2017,S138548,R,20/10/2017
FA-TNA-A1853A-FL,JP,10090334,659472,"3,000.0",0.0,"3,000.0",09/10/2017,18/10/2017,S138276,R,09/10/2017
FA-TNA-A1853B-FL,JP,10090335,659473,"3,000.0",0.0,"3,000.0",09/10/2017,18/10/2017,S138276,R,09/10/2017
FA-TNA-A1853C-FL,JP,10090336,659474,"3,000.0",0.0,"3,000.0",09/10/2017,18/10/2017,S138276,R,09/10/2017
FA-TNA-A1853D-FL,JP,10090337,659475,"3,000.0",0.0,"3,000.0",09/10/2017,18/10/2017,S138276,R,09/10/2017
FA-TNA-A1853E-FL,JP,10090338,659476,"3,000.0",0.0,"3,000.0",09/10/2017,18/10/2017,S138276,R,09/10/2017
FA-TNA-A1853F-FL,JP,10090339,659477,"3,000.0",0.0,"3,000.0",09/10/2017,18/10/2017,S138276,R,09/10/2017
FA-TNA-A1853G-FL,JP,10090340,659478,"3,000.0",0.0,"3,000.0",09/10/2017,18/10/2017,S138276,R,10/10/2017
FA-TNA-A1853H-FL,JP,10090341,659479,"3,000.0",0.0,"3,000.0",09/10/2017,18/10/2017,S138276,R,10/10/2017
FA-TNA-E1853A-FL,JP,10050221,658631,"3,000.0",0.0,"3,000.0",05/10/2017,18/10/2017,S138276,R,09/10/2017
FA-TNA-E1853B-FL,JP,10050222,658632,"3,000.0",0.0,"3,000.0",05/10/2017,18/10/2017,S138276,R,09/10/2017
FA-TNA-E1853C-FL,JP,10050223,658634,"3,000.0",0.0,"3,000.0",05/10/2017,18/10/2017,S138276,R,09/10/2017
FA-TNA-E1853D-FL,JP,10050224,658635,"3,000.0",0.0,"3,000.0",05/10/2017,18/10/2017,S138276,R,09/10/2017
FA-TNA-E1853E-FL,JP,10050225,658636,"3,000.0",0.0,"3,000.0",05/10/2017,18/10/2017,S138276,R,09/10/2017
FA-TNA-E1853F-FL,JP,10050226,658638,"3,000.0",0.0,"3,000.0",05/10/2017,18/10/2017,S138276,R,09/10/2017
FA-TNA-R1853C-FL,JP,10090342,659480,"3,000.0",0.0,"3,000.0",09/10/2017,18/10/2017,S138276,R,10/10/2017
FA-TNA-R1853D-FL,JP,10090343,659481,"3,000.0",0.0,"3,000.0",09/10/2017,18/10/2017,S138276,R,10/10/2017
FA-TNA-R1853G-FL,JP,10090344,659482,"3,000.0",0.0,"3,000.0",09/10/2017,18/10/2017,S138276,R,10/10/2017
FA-TNA-R1853H-FL,JP,10090345,659483,"3,000.0",0.0,"3,000.0",09/10/2017,18/10/2017,S138276,R,10/10/2017
FJ0021284,JP,10130353,660529,"15,813.0",0.0,"15,813.0",13/10/2017,01/11/2017,S138440,R,13/10/2017
FJ0024224,JP,10190305,661476,"5,000.0",0.0,"5,000.0",19/10/2017,01/11/2017,S138538,R,20/10/2017
GR02-DO-NITR40-L0,JP,10040422,658554,"20,630.0",0.0,"20,630.0",04/10/2017,12/11/2017,S138267,R,05/10/2017
H94432-002,JP,10230247,661899,"4,938.0",0.0,"4,938.0",23/10/2017,27/10/2017,S138557,R,23/10/2017
I-ABENA BL NPF L1,JP,10170313,661134,"5,100.0",0.0,"5,100.0",17/10/2017,26/10/2017,S138506,R,17/10/2017
I-ABENA BL NPF M1,JP,10170312,661133,"6,300.0",0.0,"6,300.0",17/10/2017,26/10/2017,S138506,R,17/10/2017
I-ABENA BL NPF S1,JP,10170311,661132,"5,950.0",0.0,"5,950.0",17/10/2017,26/10/2017,S138506,R,17/10/2017
I-ABENA_B_PF150L8,JP,468736,658313R,"3,305.0","3,800.0",0.0,23/10/2017,23/10/2017,SHORTAGE,R,23/10/2017
I-ABENA_B_PF150L8,JP,10190270,661297,"6,650.0",0.0,"6,650.0",19/10/2017,27/10/2017,S138526,R,19/10/2017
I-ABENA_B_PF150L8,JP,10240301,662045,"23,200.0",0.0,"23,200.0",24/10/2017,01/11/2017,S138577,R,24/10/2017
I-ABENA_B_PF150M8,JP,10120288,660305,"28,000.0","29,000.0",0.0,12/10/2017,21/10/2017,S138424,R,13/10/2017
I-ABENA_B_PF150M8,JP,10190269,661296,"11,600.0",0.0,"11,600.0",19/10/2017,27/10/2017,S138526,R,19/10/2017
I-ABENA_B_PF150M8,JP,10240300,662043,"37,954.0",0.0,"37,954.0",24/10/2017,01/11/2017,S138577,R,24/10/2017
I-ABENA_B_PF150S8,JP,10240299,662042,"21,820.0",0.0,"21,820.0",24/10/2017,01/11/2017,S138577,R,24/10/2017
I-ABENA_B_PF150XL8,jp,468743,662046,600.0,0.0,600.0,24/10/2017,01/11/2017,S138577,R,24/10/2017
I-ABENA_B_PF150XS8,JP,10240298,662041,"2,000.0",0.0,"2,000.0",24/10/2017,01/11/2017,S138577,R,24/10/2017
I-ABENA_B_PF200L3,JP,10240308,662054,"7,400.0",0.0,"7,400.0",24/10/2017,01/11/2017,S138580,R,24/10/2017
I-ABENA_B_PF200M3,JP,10240307,662053,"10,800.0",0.0,"10,800.0",24/10/2017,01/11/2017,S138580,R,24/10/2017
I-ABENA_B_PF200S3,JP,10240306,662052,"6,350.0",0.0,"6,350.0",24/10/2017,01/11/2017,S138580,R,24/10/2017
I-ABENA_B_PF200XL3,JP,10240309,662056,"2,820.0",0.0,"2,820.0",24/10/2017,01/11/2017,S138580,R,24/10/2017
I-COM PF M014,JP,10130389,660620,"7,200.0",0.0,"7,200.0",13/10/2017,20/10/2017,S138459,R,16/10/2017
I-GLO AEGIS L/1,JP,10020299,658046,"2,921.0",0.0,"2,921.0",02/10/2017,27/10/2017,S138200,R,03/10/2017
I-GLO CHN NB32 M1,JP,10240311,662059,"17,900.0",0.0,"17,900.0",24/10/2017,01/11/2017,S138581,R,24/10/2017
I-GLO CHN NB32 S1,JP,10240310,662057,"17,800.0",0.0,"17,800.0",24/10/2017,01/11/2017,S138581,R,24/10/2017
I-GLO EUR NPF L2,JP,10170318,661143,"1,650.0",0.0,"1,650.0",17/10/2017,03/11/2017,S138508,R,17/10/2017
I-GLO EUR NPF M2,JP,10170317,661142,"7,450.0",0.0,"7,450.0",17/10/2017,03/11/2017,S138508,R,17/10/2017
I-GLO MAV 200 L/4,JP,10090331,659456,"19,500.0","6,025.0","13,475.0",09/10/2017,24/10/2017,S138346,R,09/10/2017
I-GLO MAV 200 M/4,JP,10090330,659455,"39,900.0","17,800.0","22,100.0",09/10/2017,24/10/2017,S138346,R,09/10/2017
I-GLO MAV 200 S/4,JP,10090329,659454,"25,400.0","7,700.0","17,700.0",09/10/2017,24/10/2017,S138346,R,09/10/2017
I-GLO MAV 200 XL/4,JP,10090332,659457,"1,800.0","2,100.0",0.0,09/10/2017,24/10/2017,S138346,R,09/10/2017
I-GLO PALADIN L3,JP,10200298,661623,"4,500.0",0.0,"4,500.0",20/10/2017,27/10/2017,S138552,R,20/10/2017
I-GLO PALADIN M3,JP,10200297,661622,"4,700.0",0.0,"4,700.0",20/10/2017,27/10/2017,S138552,R,20/10/2017
I-GLO PALADIN M3,JP,10230258,661993,"1,300.0",0.0,"1,300.0",23/10/2017,30/10/2017,S138574,R,23/10/2017
I-GLO PALADIN S3,JP,10200296,661621,"2,800.0",0.0,"2,800.0",20/10/2017,27/10/2017,S138552,R,20/10/2017
I-GLO PALADIN S3,JP,10230257,661992,"1,300.0",0.0,"1,300.0",23/10/2017,30/10/2017,S138574,R,23/10/2017
I-GLO PALADIN XL3,JP,10200299,661624,"2,100.0",0.0,"2,100.0",20/10/2017,27/10/2017,S138552,R,20/10/2017
I-M003-074 INT FS0,JP,10160292,660891,"5,900.0","5,900.0",0.0,16/10/2017,21/10/2017,S138478,R,16/10/2017
I-M003-074 INT FS0,JP,10160293,660892,"31,000.0","31,000.0",0.0,16/10/2017,21/10/2017,S138478,R,16/10/2017
I-M003-077 INT FS0,JP,468721,658055R,"20,435.0","20,435.0",0.0,20/10/2017,20/10/2017,SHORTAGE,R,20/10/2017
I-MU NIT PF L001,JP,10200281,661530,"20,400.0",0.0,"20,400.0",20/10/2017,02/11/2017,S138545,R,20/10/2017
I-MU NIT PF S001,JP,10200280,661529,"5,850.0",0.0,"5,850.0",20/10/2017,02/11/2017,S138545,R,20/10/2017
I-MU NIT PF XL001,JP,10200282,661531,"6,100.0",0.0,"6,100.0",20/10/2017,02/11/2017,S138545,R,20/10/2017
I-MY GLOVE NPF L1,JP,10240303,662049,"16,000.0",0.0,"16,000.0",24/10/2017,01/11/2017,S138578,R,24/10/2017
I-MY GLOVE NPF M1,JP,10240302,662048,"15,800.0",0.0,"15,800.0",24/10/2017,01/11/2017,S138578,R,24/10/2017
I-MY GLOVE NPF XL1,JP,10240304,662050,"7,900.0",0.0,"7,900.0",24/10/2017,01/11/2017,S138578,R,24/10/2017
I-PEHA STERILE L3,JP,10110282,660081,"1,700.0",0.0,"1,700.0",11/10/2017,10/11/2017,S138387,R,12/10/2017
I-PEHA STERILE M3,JP,10110281,660080,"2,800.0",0.0,"2,800.0",11/10/2017,10/11/2017,S138387,R,12/10/2017
I-PEHA STERILE S3,JP,10110280,660079,"1,600.0",0.0,"1,600.0",11/10/2017,10/11/2017,S138387,R,12/10/2017
I-PRE PRO PLUS M1,JP,10240314,662062,"8,100.0",0.0,"8,100.0",24/10/2017,05/11/2017,S138582,R,24/10/2017
I-PRE PRO PLUS S1,JP,10240312,662060,"14,500.0",0.0,"14,500.0",24/10/2017,05/11/2017,S138582,R,24/10/2017
I-PRE PRO PLUS XL1,JP,10240315,662063,"2,000.0",0.0,"2,000.0",24/10/2017,05/11/2017,S138582,R,24/10/2017
I-PULSE NPF200L3,JP,10170301,661106,"4,090.0",0.0,"4,090.0",17/10/2017,28/10/2017,S138505,R,17/10/2017
I-PULSE NPF200L3,JP,10240324,662082,"12,100.0",0.0,"12,100.0",24/10/2017,06/11/2017,S138584,R,24/10/2017
I-PULSE NPF200M3,JP,10170300,661104,"11,005.0",0.0,"11,005.0",17/10/2017,28/10/2017,S138505,R,17/10/2017
I-PULSE NPF200M3,JP,10240323,662081,"16,400.0",0.0,"16,400.0",24/10/2017,06/11/2017,S138584,R,24/10/2017
I-PULSE NPF200S3,JP,10170298,661102,"6,200.0",0.0,"6,200.0",17/10/2017,28/10/2017,S138505,R,17/10/2017
I-PULSE NPF200S3,JP,10240322,662080,"13,300.0",0.0,"13,300.0",24/10/2017,06/11/2017,S138584,R,24/10/2017
I-PULSE NPF200XL3,JP,10170302,661107,114.0,0.0,114.0,17/10/2017,28/10/2017,S138505,R,17/10/2017
I-PULSE NPF200XL3,JP,10240325,662084,"2,000.0",0.0,"2,000.0",24/10/2017,06/11/2017,S138584,R,24/10/2017
I-PULSE NPF200XS3,JP,10240321,662079,"1,700.0",0.0,"1,700.0",24/10/2017,06/11/2017,S138584,R,24/10/2017
I-RE COATS NPF M6,JP,09270232,657032,"108,531.0","107,248.0","1,283.0",27/09/2017,09/10/2017,S138102,R,28/09/2017
I-RE COATS NPF M6,JP,09290434,657508,"10,800.0","1,625.0","9,175.0",29/09/2017,11/10/2017,S138164,R,29/09/2017
I-RE COATS NPF M6,JP,468718,657508R,"10,400.0",0.0,"10,400.0",20/10/2017,20/10/2017,SHORTAGE,R,20/10/2017
I-SLANDER FLX L0,JP,10190303,661473,"5,150.0",0.0,"5,150.0",19/10/2017,01/11/2017,S138532,R,19/10/2017
I-SLANDER FLX M0,JP,10190302,661472,"15,500.0",0.0,"15,500.0",19/10/2017,01/11/2017,S138532,R,19/10/2017
I-SLANDER FLX S0,JP,10190301,661470,"10,700.0",0.0,"10,700.0",19/10/2017,01/11/2017,S138532,R,19/10/2017
I-SLANDER FLX XL0,JP,10190304,661474,"1,000.0",0.0,"1,000.0",19/10/2017,01/11/2017,S138532,R,19/10/2017
I-VASCO NPF LG L1,JP,10160306,660946,"30,800.0",0.0,"30,800.0",16/10/2017,26/10/2017,S138482,R,16/10/2017
I-VASCO NPF LG M1,JP,10160305,660945,"35,335.0",0.0,"35,335.0",16/10/2017,26/10/2017,S138482,R,16/10/2017
I-VASCO NPF LG S1,JP,10160304,660944,"21,360.0",0.0,"21,360.0",16/10/2017,26/10/2017,S138482,R,16/10/2017
I-VASCO NPF LG XL1,JP,10160307,660947,"16,000.0",0.0,"16,000.0",16/10/2017,26/10/2017,S138482,R,16/10/2017
I-VASCO NPF LG XS1,JP,10160303,660943,"1,200.0",0.0,"1,200.0",16/10/2017,26/10/2017,S138482,R,16/10/2017
IB-2039-NPF L1,JP,10240297,662040,"8,100.0",0.0,"8,100.0",24/10/2017,02/11/2017,S138576,R,24/10/2017
IB-2039-NPF M1,JP,10240296,662039,"14,900.0",0.0,"14,900.0",24/10/2017,02/11/2017,S138576,R,24/10/2017
IB-2039-NPF S1,JP,10240295,662038,"15,700.0",0.0,"15,700.0",24/10/2017,02/11/2017,S138576,R,24/10/2017
IB-2039-NPF XS1,JP,10240294,662037,"5,400.0",0.0,"5,400.0",24/10/2017,02/11/2017,S138576,R,24/10/2017
IB-A021-0007 L000,JP,10160310,660971,"13,900.0",0.0,"13,900.0",16/10/2017,28/10/2017,S138483,R,16/10/2017
IB-A021-0007 M000,JP,10160309,660970,"22,900.0",0.0,"22,900.0",16/10/2017,28/10/2017,S138483,R,16/10/2017
IB-A021-0007 S000,JP,10050262,658801,"2,000.0","2,100.0",0.0,05/10/2017,13/10/2017,S138303,R,06/10/2017
IB-A021-0007 S000,JP,10160308,660969,"11,000.0",0.0,"11,000.0",16/10/2017,28/10/2017,S138483,R,16/10/2017
IB-A021-0007 XL000,JP,10160311,660972,"5,987.0",0.0,"5,987.0",16/10/2017,28/10/2017,S138483,R,16/10/2017
IB-COATS NPF SPFS0,JP,10200300,661632,"36,300.0",0.0,"36,300.0",20/10/2017,30/10/2017,S138553,R,20/10/2017
IB-DASH HALO S/5,JP,10190272,661314,"1,300.0",0.0,"1,300.0",19/10/2017,01/11/2017,S138527,R,19/10/2017
IB-H020-008 L000,JP,10110286,660090,"8,000.0",0.0,"8,000.0",11/10/2017,25/10/2017,S138389,R,12/10/2017
IB-H020-008 M000,JP,10110285,660089,"23,700.0",0.0,"23,700.0",11/10/2017,25/10/2017,S138389,R,12/10/2017
IB-H020-008 S000,JP,10110284,660088,"33,300.0",0.0,"33,300.0",11/10/2017,25/10/2017,S138389,R,12/10/2017
IB-H020-008 XS000,JP,10110283,660087,"10,825.0",0.0,"10,825.0",11/10/2017,25/10/2017,S138389,R,12/10/2017
IB-H049-001 L000,JP,09270213,656932,"33,400.0","33,400.0",0.0,27/09/2017,06/10/2017,S138091,R,27/09/2017
IB-J821-NPF L1,JP,10200286,661557,"3,550.0",0.0,"3,550.0",20/10/2017,02/11/2017,S138546,R,20/10/2017
IB-J821-NPF M1,JP,10200285,661554,"3,250.0",0.0,"3,250.0",20/10/2017,02/11/2017,S138546,R,20/10/2017
IB-J821-NPF S1,JP,10200284,661553,"6,500.0",0.0,"6,500.0",20/10/2017,02/11/2017,S138546,R,20/10/2017
IB-J821-NPF XS1,JP,10200283,661551,"1,300.0",0.0,"1,300.0",20/10/2017,02/11/2017,S138546,R,20/10/2017
IB-K021-008 XS000,JP,468717,658318R,"1,300.0","1,900.0",0.0,20/10/2017,20/10/2017,SHORTAGE,R,20/10/2017
IB-M003-069 M000,JP,10160271,660739,"1,500.0","1,500.0",0.0,16/10/2017,23/10/2017,S138461,R,16/10/2017
IB-M003-069 M000,JP,468671,660754,"12,600.0","12,600.0",0.0,16/10/2017,23/10/2017,S138461,R,16/10/2017
IB-M003-069 S000,JP,10160272,660742,"26,500.0","26,500.0",0.0,16/10/2017,23/10/2017,S138461,R,16/10/2017
IB-M003-078 L000,JP,10100247,659757,"39,800.0","12,237.0","27,563.0",10/10/2017,19/10/2017,S138373,R,12/10/2017
IB-M003-078 M000,JP,10100246,659755,"67,500.0","22,800.0","44,700.0",10/10/2017,19/10/2017,S138373,R,12/10/2017
IB-M003-078 S000,JP,10100245,659753,"17,100.0","17,190.0",0.0,10/10/2017,19/10/2017,S138373,R,12/10/2017
IB-M003-078 XL000,JP,10100248,659759,"14,100.0","10,845.0","3,255.0",10/10/2017,19/10/2017,S138373,R,12/10/2017
IB-M007-005 L000,JP,10060277,658989,"17,800.0",0.0,"17,800.0",06/10/2017,14/10/2017,S138317,R,06/10/2017
IB-M007-006 S000,JP,10060279,658993,"10,700.0","9,000.0","1,700.0",06/10/2017,17/10/2017,S138319,R,06/10/2017
IB-M034-0002 L000,JP,08100254,647552,"7,850.0",0.0,"7,850.0",10/08/2017,22/08/2017,S137228,R,11/08/2017
IB-M034-0002 M000,JP,08100253,647551,"22,500.0",0.0,"22,500.0",10/08/2017,22/08/2017,S137228,R,11/08/2017
IB-M034-0002 S000,JP,08100252,647550,"13,050.0",0.0,"13,050.0",10/08/2017,22/08/2017,S137228,R,11/08/2017
IB-M034-0003 L000,JP,08100257,647555,"10,950.0",0.0,"10,950.0",10/08/2017,22/08/2017,S137229,R,11/08/2017
IB-M034-0003 M000,JP,08100256,647554,"16,420.0",0.0,"16,420.0",10/08/2017,22/08/2017,S137229,R,11/08/2017
IB-M034-0003 S000,JP,08100255,647553,"9,150.0",0.0,"9,150.0",10/08/2017,22/08/2017,S137229,R,11/08/2017
IB-MED-150 L/07,JP,10060289,659011,"19,498.0",0.0,"19,498.0",06/10/2017,20/10/2017,S138328,R,06/10/2017
IB-MED-150 L/07,JP,10200290,661584,"19,600.0",0.0,"19,600.0",20/10/2017,02/11/2017,S138547,R,20/10/2017
IB-MED-150 M/07,JP,10060288,659010,"49,090.0",0.0,"49,090.0",06/10/2017,20/10/2017,S138328,R,06/10/2017
IB-MED-150 M/07,JP,10200289,661583,"48,100.0",0.0,"48,100.0",20/10/2017,02/11/2017,S138547,R,20/10/2017
IB-MED-150 S/07,JP,10060287,659009,"43,570.0","24,700.0","18,870.0",06/10/2017,20/10/2017,S138328,R,06/10/2017
IB-MED-150 S/07,JP,10200288,661582,"40,600.0",0.0,"40,600.0",20/10/2017,02/11/2017,S138547,R,20/10/2017
IB-MED-150 XL/07,JP,10060290,659012,"4,145.0","4,700.0",0.0,06/10/2017,20/10/2017,S138328,R,06/10/2017
IB-MED-150 XS/07,JP,10200287,661581,"2,000.0",0.0,"2,000.0",20/10/2017,02/11/2017,S138547,R,20/10/2017
IB-N017-002 XS000,JP,10030228,658304,"1,900.0","2,500.0",0.0,03/10/2017,11/10/2017,S138226,R,04/10/2017
IB-TOP QUALITY XS8,JP,10100233,659739,"33,500.0","34,160.0",0.0,10/10/2017,17/10/2017,S138374,R,11/10/2017
IB-VASCO NPF L/5,JP,10230262,661997,"7,200.0",0.0,"7,200.0",23/10/2017,08/11/2017,S138573,R,24/10/2017
IB-VASCO NPF M/5,JP,10230261,661996,"15,400.0",0.0,"15,400.0",23/10/2017,08/11/2017,S138573,R,24/10/2017
IB-VASCO NPF S/5,JP,10230260,661995,"6,800.0",0.0,"6,800.0",23/10/2017,08/11/2017,S138573,R,24/10/2017
IB-VASCO NPF XL/5,JP,10230263,661998,"1,800.0",0.0,"1,800.0",23/10/2017,08/11/2017,S138573,R,24/10/2017
IB-VASCO NPF XS/5,JP,10230259,661994,"1,600.0",0.0,"1,600.0",23/10/2017,08/11/2017,S138573,R,24/10/2017
IB-VRT780 L001,JP,10160302,660941,"19,700.0","10,620.0","9,080.0",16/10/2017,23/10/2017,S138481,R,16/10/2017
IB-VRT780 M001,JP,10160301,660940,"23,900.0","13,800.0","10,100.0",16/10/2017,23/10/2017,S138481,R,16/10/2017
IB-VRT780 S001,JP,10160300,660939,"37,400.0","41,300.0",0.0,16/10/2017,23/10/2017,S138481,R,16/10/2017
IB-VRT782 L001,JP,10160339,661051,"9,800.0",0.0,"9,800.0",16/10/2017,20/11/2017,S138494,R,17/10/2017
IB-VRT782 M001,JP,10160338,661050,"25,155.0",0.0,"25,155.0",16/10/2017,20/11/2017,S138494,R,17/10/2017
IB-VRT782 S001,JP,10160337,661049,"40,600.0",0.0,"40,600.0",16/10/2017,20/11/2017,S138494,R,17/10/2017
IB-VRT782 XS001,JP,10160336,661048,"15,200.0",0.0,"15,200.0",16/10/2017,20/11/2017,S138494,R,17/10/2017
IB-VRT790 L000,JP,10130393,660630,"2,700.0","2,900.0",0.0,13/10/2017,25/10/2017,S138460,R,16/10/2017
IB-VRT790 M000,JP,10130392,660629,"6,500.0","6,800.0",0.0,13/10/2017,25/10/2017,S138460,R,16/10/2017
IB-VRT790 S000,JP,10130391,660626,"4,400.0","4,600.0",0.0,13/10/2017,23/10/2017,S138460,R,16/10/2017
J15103-001,JP,10120246,660186,"36,927.0",0.0,"36,927.0",12/10/2017,15/10/2017,S137630,R,12/10/2017
J15103-001,JP,10230242,661892,"20,000.0",0.0,"20,000.0",23/10/2017,24/10/2017,S138471,R,23/10/2017
J15110-001,JP,10230243,661894,"13,186.0",0.0,"13,186.0",23/10/2017,27/10/2017,S138557,R,23/10/2017
J15114-001,JP,10230248,661900,"9,025.0",0.0,"9,025.0",23/10/2017,27/10/2017,S138557,R,23/10/2017
J15121-001,JP,10160284,660860,"17,181.0",0.0,"17,181.0",16/10/2017,20/10/2017,S138471,R,16/10/2017
J15121-001,JP,10230244,661895,"10,000.0",0.0,"10,000.0",23/10/2017,27/10/2017,S138557,R,23/10/2017
J15130-001,JP,10100230,659731,"7,418.0",0.0,"7,418.0",10/10/2017,17/10/2017,S138375,R,10/10/2017
J33790-002,JP,10090317,659217,"10,000.0",0.0,"10,000.0",09/10/2017,10/10/2017,S138335,R,09/10/2017
J33795-002,JP,10230245,661897,"14,370.0",0.0,"14,370.0",23/10/2017,27/10/2017,S138557,R,23/10/2017
J33805-002,JP,10090316,659216,"30,778.0","25,950.0","4,828.0",09/10/2017,10/10/2017,S138172,R,09/10/2017
J33805-002,JP,10160285,660861,"13,160.0",0.0,"13,160.0",16/10/2017,20/10/2017,S138471,R,16/10/2017
J33815-002,JP,10160282,660858,"23,773.0",0.0,"23,773.0",16/10/2017,17/10/2017,S138046,R,16/10/2017
J33815-002,JP,10170335,661241,"10,000.0",0.0,"10,000.0",17/10/2017,24/10/2017,S138523,R,17/10/2017
J33815-002,JP,10230246,661898,"20,000.0",0.0,"20,000.0",23/10/2017,27/10/2017,S138557,R,23/10/2017
J33820-001,JP,10060307,659060,"158,103.0","78,800.0","79,303.0",06/10/2017,09/10/2017,S136263,R,06/10/2017
J33820-002,JP,468492,658293,100.0,0.0,100.0,03/10/2017,09/10/2017,SAMPLE,R,03/10/2017
J57492-002,JP,468445,657283,100.0,0.0,100.0,28/09/2017,03/10/2017,SAMPLE,R,28/09/2017
J57494-002,JP,468447,657288,100.0,0.0,100.0,28/09/2017,03/10/2017,SAMPLE,R,28/09/2017
J62280-001,JP,10160287,660863,"11,400.0",0.0,"11,400.0",16/10/2017,20/10/2017,S138471,R,16/10/2017
J66302-001,JP,467930,640562R2,100.0,0.0,100.0,28/08/2017,28/08/2017,SHORTAGE,R,28/08/2017
J67258-001,JP,10160298,660905,"4,180.0",0.0,"4,180.0",16/10/2017,20/10/2017,S138480,R,16/10/2017
JNTG-530-065816-MX,JP,10050257,658780,"2,706.0",0.0,"2,706.0",05/10/2017,27/10/2017,S138304,R,05/10/2017
KP-0128,JP,468708,661438,"215,830.0",0.0,"215,830.0",19/10/2017,19/10/2017,,R,19/10/2017
KP-0139,JP,468706,661436,"19,700.0",0.0,"19,700.0",19/10/2017,19/10/2017,,R,19/10/2017
KP-0140,JP,468707,661437,"28,230.0",0.0,"28,230.0",19/10/2017,19/10/2017,,R,19/10/2017
LF-A048-002 FS000,JP,10170297,661097,"2,115.0",0.0,"2,115.0",17/10/2017,31/10/2017,S138503,R,17/10/2017
ME01-DO-AMBNIT-L2,JP,10130355,660540,"2,194.0",0.0,"2,194.0",13/10/2017,29/11/2017,S138447,R,13/10/2017
ME01-DO-AMBNIT-M2,JP,10130357,660543,"3,899.0",0.0,"3,899.0",13/10/2017,29/11/2017,S138447,R,13/10/2017
ME01-DO-AMBNIT-XL2,JP,10130356,660542,"5,517.0",0.0,"5,517.0",13/10/2017,29/11/2017,S138447,R,13/10/2017
ME01-DO-COLORS-L0,JP,10190282,661406,"3,190.0",0.0,"3,190.0",19/10/2017,27/10/2017,S138530,R,19/10/2017
ME01-DO-COLORS-M0,JP,10190281,661405,"2,070.0",0.0,"2,070.0",19/10/2017,27/10/2017,S138530,R,19/10/2017
ME01-DO-COLORS-XL0,JP,10190283,661407,"1,471.0",0.0,"1,471.0",19/10/2017,27/10/2017,S138530,R,19/10/2017
ME01-DO-COLORS-XS0,JP,10190280,661404,"1,000.0",0.0,"1,000.0",19/10/2017,27/10/2017,S138530,R,20/10/2017
ME01-DO-NIT100-M3,JP,10130354,660530,"10,070.0",0.0,"10,070.0",13/10/2017,23/11/2017,S138446,R,13/10/2017
ME01-DO-PFNIT3-M3,JP,10200293,661597,"4,962.0",0.0,"4,962.0",20/10/2017,23/11/2017,S138446,R,20/10/2017
ME01-DO-PFNIT3-S3,JP,10200292,661596,"2,803.0",0.0,"2,803.0",20/10/2017,23/11/2017,S138446,R,20/10/2017
NA06-DO-RFPP50-L0,JP,10190277,661369,"17,632.0",0.0,"17,632.0",19/10/2017,26/10/2017,S138529,R,19/10/2017
NA06-DO-RFPP50-M0,JP,10190278,661371,"9,371.0",0.0,"9,371.0",19/10/2017,26/10/2017,S138529,R,19/10/2017
NA06-DO-RFPP50-S0,JP,10190279,661372,"5,362.0",0.0,"5,362.0",19/10/2017,26/10/2017,S138529,R,19/10/2017
O-DS AL SH PK S01,JP,10020312,658070,"1,055.0","1,060.0",0.0,02/10/2017,13/11/2017,S138205,R,03/10/2017
O-DS AL SH PK XS01,JP,10020311,658069,500.0,545.0,0.0,02/10/2017,13/11/2017,S138205,R,03/10/2017
OC-NAT EX W250 FS0,JP,10160312,660976,500.0,0.0,500.0,16/10/2017,03/11/2017,S138484,R,16/10/2017
P12ALL021LP1_00,JP,09250281,656613,"1,000.0","1,000.0",0.0,25/09/2017,25/10/2017,S138061,R,26/09/2017
P12ALL021LP2_00,JP,09250282,656615,"1,000.0","1,000.0",0.0,25/09/2017,25/10/2017,S138061,R,26/09/2017
P12BEY001LF1_07,JP,10160319,661027,"4,060.0","4,060.0",0.0,16/10/2017,25/10/2017,S138489,R,17/10/2017
P12BEY001LF1_07,JP,10160325,661036,"4,060.0","4,060.0",0.0,16/10/2017,25/10/2017,S138490,R,17/10/2017
P12BEY001LF1_07,JP,10160329,661041,"4,060.0","4,060.0",0.0,16/10/2017,25/10/2017,S138493,R,17/10/2017
P12BEY001LF1_07,JP,10160333,661045,"4,060.0","4,060.0",0.0,16/10/2017,25/10/2017,S138496,R,17/10/2017
P12BEY001LF1_07,JP,10160342,661056,"4,060.0",0.0,"4,060.0",16/10/2017,26/10/2017,S138500,R,17/10/2017
P12BEY001LF1_07,JP,10160345,661060,"4,060.0",0.0,"4,060.0",16/10/2017,26/10/2017,S138501,R,17/10/2017
P12BEY001LF2_07,JP,10160330,661042,"15,420.0","15,420.0",0.0,16/10/2017,25/10/2017,S138493,R,17/10/2017
P12BEY001LF2_07,JP,10160320,661028,"15,420.0","15,420.0",0.0,16/10/2017,25/10/2017,S138489,R,17/10/2017
P12BEY001LF2_07,JP,10160326,661037,"15,420.0",0.0,"15,420.0",16/10/2017,25/10/2017,S138490,R,17/10/2017
P12BEY001LF2_07,JP,10160335,661047,"15,420.0",0.0,"15,420.0",16/10/2017,25/10/2017,S138496,R,17/10/2017
P12BEY001LF2_07,JP,10160343,661058,"15,420.0",0.0,"15,420.0",16/10/2017,26/10/2017,S138500,R,17/10/2017
P12BEY001LF2_07,JP,10160346,661061,"15,420.0",0.0,"15,420.0",16/10/2017,26/10/2017,S138501,R,17/10/2017
P12BEY001LF3_07,JP,10160327,661038,"14,810.0",0.0,"14,810.0",16/10/2017,25/10/2017,S138490,R,17/10/2017
P12BEY001LF3_07,JP,10160340,661052,"14,810.0",0.0,"14,810.0",16/10/2017,25/10/2017,S138496,R,17/10/2017
P12BEY001LF3_07,JP,10160321,661029,"14,810.0",0.0,"14,810.0",16/10/2017,25/10/2017,S138489,R,17/10/2017
P12BEY001LF3_07,JP,10160331,661043,"14,810.0",0.0,"14,810.0",16/10/2017,25/10/2017,S138493,R,17/10/2017
P12BEY001LF3_07,JP,10160344,661059,"14,810.0",0.0,"14,810.0",16/10/2017,26/10/2017,S138500,R,17/10/2017
P12BEY001LF3_07,JP,10160347,661062,"14,810.0",0.0,"14,810.0",16/10/2017,26/10/2017,S138501,R,17/10/2017
P12BEY001LP1_14,JP,10170299,661103,"3,910.0",0.0,"3,910.0",17/10/2017,23/10/2017,S138504,R,19/10/2017
P12BEY001LP1_14,JP,10170303,661123,"3,910.0","3,910.0",0.0,17/10/2017,23/10/2017,S138504,R,19/10/2017
P12BEY001LP1_14,JP,10170304,661124,"3,910.0","3,910.0",0.0,17/10/2017,23/10/2017,S138504,R,19/10/2017
P12BEY001LP1_14,JP,10170330,661192,"3,910.0",0.0,"3,910.0",17/10/2017,25/10/2017,S138516,R,19/10/2017
P12BEY001LP1_14,JP,10170333,661203,"3,910.0",0.0,"3,910.0",17/10/2017,25/10/2017,S138517,R,19/10/2017
P12BEY001LP1_14,JP,10190289,661446,"3,890.0",0.0,"3,890.0",19/10/2017,30/10/2017,S138534,R,20/10/2017
P12BEY001LP1_14,JP,10170314,661135,"3,890.0",0.0,"3,890.0",17/10/2017,03/11/2017,S138507,R,19/10/2017
P12BEY001LP1_14,JP,10170319,661146,"3,890.0",0.0,"3,890.0",17/10/2017,03/11/2017,S138509,R,19/10/2017
P12BEY001LP1_14,JP,10190292,661453,"3,890.0",0.0,"3,890.0",19/10/2017,08/11/2017,S138535,R,20/10/2017
P12BEY001LP1_14,JP,10190295,661458,"3,890.0",0.0,"3,890.0",19/10/2017,08/11/2017,S138536,R,20/10/2017
P12BEY001LP1_14,JP,10190298,661467,"3,890.0",0.0,"3,890.0",19/10/2017,13/11/2017,S138537,R,20/10/2017
P12BEY001LP2_14,JP,10170306,661127,"22,980.0","22,980.0",0.0,17/10/2017,23/10/2017,S138504,R,19/10/2017
P12BEY001LP2_14,JP,10170331,661194,"22,960.0",0.0,"22,960.0",17/10/2017,25/10/2017,S138516,R,19/10/2017
P12BEY001LP2_14,JP,10170334,661205,"22,960.0",0.0,"22,960.0",17/10/2017,25/10/2017,S138517,R,19/10/2017
P12BEY001LP2_14,JP,10190290,661448,"22,960.0",0.0,"22,960.0",19/10/2017,30/10/2017,S138534,R,20/10/2017
P12BEY001LP2_14,JP,10170321,661149,"22,960.0",0.0,"22,960.0",17/10/2017,03/11/2017,S138509,R,19/10/2017
P12BEY001LP2_14,JP,10190293,661455,"22,960.0",0.0,"22,960.0",19/10/2017,08/11/2017,S138535,R,20/10/2017
P12BEY001LP2_14,JP,10190296,661459,"22,960.0",0.0,"22,960.0",19/10/2017,08/11/2017,S138536,R,20/10/2017
P12BEY001LP2_14,JP,10190299,661468,"22,960.0",0.0,"22,960.0",19/10/2017,13/11/2017,S138537,R,20/10/2017
P12BEY001LP3_14,JP,10170308,661129,"18,140.0","18,140.0",0.0,17/10/2017,23/10/2017,S138504,R,19/10/2017
P12BEY001LP3_14,JP,10170309,661130,"18,140.0","18,140.0",0.0,17/10/2017,23/10/2017,S138504,R,19/10/2017
P12BEY001LP3_14,JP,10170310,661131,"18,140.0","18,140.0",0.0,17/10/2017,23/10/2017,S138504,R,19/10/2017
P12BEY001LP3_14,JP,10170329,661195,"18,120.0",0.0,"18,120.0",17/10/2017,25/10/2017,S138516,R,19/10/2017
P12BEY001LP3_14,JP,10170332,661207,"18,120.0",0.0,"18,120.0",17/10/2017,25/10/2017,S138517,R,19/10/2017
P12BEY001LP3_14,JP,10190291,661449,"18,120.0",0.0,"18,120.0",19/10/2017,30/10/2017,S138534,R,20/10/2017
P12BEY001LP3_14,JP,10170315,661139,"18,120.0",0.0,"18,120.0",17/10/2017,03/11/2017,S138507,R,19/10/2017
P12BEY001LP3_14,JP,10170320,661153,"18,120.0",0.0,"18,120.0",17/10/2017,03/11/2017,S138509,R,19/10/2017
P12BEY001LP3_14,JP,10190294,661456,"18,120.0",0.0,"18,120.0",19/10/2017,08/11/2017,S138535,R,20/10/2017
P12BEY001LP3_14,JP,10190297,661460,"18,120.0",0.0,"18,120.0",19/10/2017,08/11/2017,S138536,R,20/10/2017
P12BEY001LP3_14,JP,10190300,661469,"18,120.0",0.0,"18,120.0",19/10/2017,13/11/2017,S138537,R,20/10/2017
P12CHI003LF1_01,JP,10130330,660474,"2,790.0",0.0,"2,790.0",13/10/2017,14/11/2017,S138444,R,17/10/2017
P12CHI003LF2_01,JP,10130331,660475,"4,790.0",0.0,"4,790.0",13/10/2017,14/11/2017,S138444,R,17/10/2017
P12CPG001CE1_00,JP,09150230,654648,"4,290.0",0.0,"4,290.0",15/09/2017,01/11/2017,S137921,R,20/09/2017
P12CPG001CE1_00,JP,10160270,660733,"4,290.0",0.0,"4,290.0",16/10/2017,15/11/2017,S138472,R,17/10/2017
P12CPG001CE1_00,JP,10130375,660606,"4,290.0",0.0,"4,290.0",13/10/2017,01/12/2017,S138463,R,17/10/2017
P12CPG001CE1_00,JP,10130377,660608,"2,290.0",0.0,"2,290.0",13/10/2017,12/12/2017,S138468,R,17/10/2017
P12CPG001CE2_00,JP,09150231,654650,"12,110.0",0.0,"12,110.0",15/09/2017,01/11/2017,S137921,R,20/09/2017
P12CPG001CE2_00,JP,10160276,660764,"11,110.0",0.0,"11,110.0",16/10/2017,15/11/2017,S138472,R,17/10/2017
P12CPG001CE2_00,JP,10130376,660607,"11,110.0",0.0,"11,110.0",13/10/2017,01/12/2017,S138463,R,17/10/2017
P12CPG001CE2_00,JP,10130378,660609,"12,110.0",0.0,"12,110.0",13/10/2017,12/12/2017,S138468,R,17/10/2017
P12CPG001CE3_00,JP,09150232,654651,"11,350.0",0.0,"11,350.0",15/09/2017,01/11/2017,S137921,R,20/09/2017
P12CPG001CE3_00,JP,10160277,660768,"11,360.0",0.0,"11,360.0",16/10/2017,15/11/2017,S138472,R,17/10/2017
P12CPG001CE3_00,JP,10130379,660610,"11,360.0",0.0,"11,360.0",13/10/2017,01/12/2017,S138463,R,17/10/2017
P12CPG001CE3_00,JP,10130380,660611,"11,360.0",0.0,"11,360.0",13/10/2017,12/12/2017,S138468,R,17/10/2017
P12CPG001CE4_00,JP,09150233,654652,"1,040.0",0.0,"1,040.0",15/09/2017,01/11/2017,S137921,R,20/09/2017
P12CPG001CE4_00,JP,10160278,660770,"2,040.0",0.0,"2,040.0",16/10/2017,15/11/2017,S138472,R,17/10/2017
P12CPG001CE4_00,JP,10130381,660612,"2,040.0",0.0,"2,040.0",13/10/2017,01/12/2017,S138463,R,17/10/2017
P12CPG001CE4_00,JP,10130382,660613,"3,040.0",0.0,"3,040.0",13/10/2017,12/12/2017,S138468,R,17/10/2017
P12DEN035LF0_01,JP,09260337,656786,"12,920.0","12,920.0",0.0,26/09/2017,24/10/2017,S138085,R,26/09/2017
P12DEN035LF0_01,JP,09260315,656695,"5,680.0","5,680.0",0.0,26/09/2017,09/11/2017,S138073,R,26/09/2017
P12DEN035LF1_01,JP,09260339,656788,"5,380.0","5,380.0",0.0,26/09/2017,24/10/2017,S138085,R,26/09/2017
P12DEN035LF1_01,JP,09260316,656696,"4,440.0","4,440.0",0.0,26/09/2017,09/11/2017,S138073,R,26/09/2017
P12DEN035LF2_01,JP,09260341,656791,"2,850.0","2,850.0",0.0,26/09/2017,24/10/2017,S138085,R,26/09/2017
P12DEN035LF3_01,JP,09260342,656792,"1,000.0","1,000.0",0.0,26/09/2017,24/10/2017,S138085,R,26/09/2017
P12DEN038LF0_00,JP,09260317,656697,"8,400.0",0.0,"8,400.0",26/09/2017,09/11/2017,S138074,R,27/09/2017
P12DEN038LF1_00,JP,09260318,656698,"4,360.0",0.0,"4,360.0",26/09/2017,09/11/2017,S138074,R,27/09/2017
P12DEN038LF2_00,JP,09260319,656699,"1,450.0",0.0,"1,450.0",26/09/2017,09/11/2017,S138074,R,27/09/2017
P12DER007LP1_06,JP,09190299,655275,"2,550.0",0.0,"2,550.0",19/09/2017,01/11/2017,S137971,R,20/09/2017
P12DER007LP2_06,JP,09190300,655276,"4,550.0",0.0,"4,550.0",19/09/2017,01/11/2017,S137971,R,20/09/2017
P12DER007LP3_06,JP,09190301,655278,"2,050.0",0.0,"2,050.0",19/09/2017,01/11/2017,S137971,R,20/09/2017
P12DIR007NF1_01,JP,10130326,660469,"2,010.0",0.0,"2,010.0",13/10/2017,13/11/2017,S138443,R,17/10/2017
P12DIR007NF2_01,JP,10130327,660470,"6,510.0",0.0,"6,510.0",13/10/2017,13/11/2017,S138443,R,17/10/2017
P12DIR007NF3_01,JP,10130328,660471,"10,430.0",0.0,"10,430.0",13/10/2017,13/11/2017,S138443,R,17/10/2017
P12DIR007NF4_01,JP,10130329,660472,"10,180.0",0.0,"10,180.0",13/10/2017,13/11/2017,S138443,R,17/10/2017
P12DOL001LP1_13,JP,10040356,658402,"8,080.0",0.0,"8,080.0",04/10/2017,06/11/2017,S138238,R,04/10/2017
P12DOL001LP1_13,JP,10040359,658405,"8,080.0",0.0,"8,080.0",04/10/2017,06/11/2017,S138239,R,04/10/2017
P12DOL001LP1_13,JP,10040369,658445,"8,080.0",0.0,"8,080.0",04/10/2017,10/11/2017,S138243,R,04/10/2017
P12DOL001LP2_13,JP,10040357,658403,"16,180.0",0.0,"16,180.0",04/10/2017,06/11/2017,S138238,R,04/10/2017
P12DOL001LP2_13,JP,10040379,658463,"16,180.0",0.0,"16,180.0",04/10/2017,06/11/2017,S138247,R,04/10/2017
P12DOL001LP2_13,JP,10040370,658446,"16,180.0",0.0,"16,180.0",04/10/2017,10/11/2017,S138243,R,04/10/2017
P12DOL001LP3_13,JP,10040358,658404,"16,180.0",0.0,"16,180.0",04/10/2017,06/11/2017,S138238,R,04/10/2017
P12DOL001LP3_13,JP,10040361,658407,"16,180.0",0.0,"16,180.0",04/10/2017,06/11/2017,S138239,R,04/10/2017
P12DOL001LP3_13,JP,10040380,658464,"16,180.0",0.0,"16,180.0",04/10/2017,06/11/2017,S138247,R,04/10/2017
P12DOL001LP3_13,JP,10040389,658479,"16,180.0",0.0,"16,180.0",04/10/2017,06/11/2017,S138251,R,04/10/2017
P12DOL001LP3_13,JP,10040371,658447,"16,180.0",0.0,"16,180.0",04/10/2017,10/11/2017,S138243,R,04/10/2017
P12EBU004NP0_01,JP,10120248,660197,"1,250.0",0.0,"1,250.0",12/10/2017,26/10/2017,S138408,R,13/10/2017
P12EBU004NP0_01,JP,10120255,660204,"3,660.0",0.0,"3,660.0",12/10/2017,26/10/2017,S138410,R,13/10/2017
P12EBU004NP0_01,JP,10120261,660210,"1,260.0",0.0,"1,260.0",12/10/2017,26/10/2017,S138411,R,13/10/2017
P12EBU004NP0_01,JP,10120254,660203,"4,260.0",0.0,"4,260.0",12/10/2017,30/10/2017,S138409,R,13/10/2017
P12EBU004NP1_01,JP,10120262,660211,"4,860.0",0.0,"4,860.0",12/10/2017,26/10/2017,S138408,R,13/10/2017
P12EBU004NP1_01,JP,10120250,660199,"4,850.0",0.0,"4,850.0",12/10/2017,26/10/2017,S138408,R,13/10/2017
P12EBU004NP1_01,JP,10120258,660207,"9,730.0",0.0,"9,730.0",12/10/2017,26/10/2017,S138408,R,13/10/2017
P12EBU004NP1_01,JP,10120256,660205,"8,490.0",0.0,"8,490.0",12/10/2017,30/10/2017,S138409,R,13/10/2017
P12EBU004NP2_01,JP,10120263,660212,"4,860.0",0.0,"4,860.0",12/10/2017,26/10/2017,S138408,R,13/10/2017
P12EBU004NP2_01,JP,10120251,660200,"2,450.0",0.0,"2,450.0",12/10/2017,26/10/2017,S138408,R,13/10/2017
P12EBU004NP2_01,JP,10120259,660208,"4,890.0",0.0,"4,890.0",12/10/2017,26/10/2017,S138408,R,13/10/2017
P12EBU004NP2_01,JP,10120257,660206,"4,860.0",0.0,"4,860.0",12/10/2017,30/10/2017,S138409,R,13/10/2017
P12EBU004NP3_01,JP,10120252,660201,"1,900.0",0.0,"1,900.0",12/10/2017,26/10/2017,S138408,R,13/10/2017
P12EBU004NP3_01,JP,10120260,660209,"4,320.0",0.0,"4,320.0",12/10/2017,26/10/2017,S138408,R,13/10/2017
P12EBU004NP4_01,JP,10120253,660202,"1,000.0",0.0,"1,000.0",12/10/2017,26/10/2017,S138408,R,13/10/2017
P12EBU010NF0_01,JP,10100217,659661,"1,860.0",0.0,"1,860.0",10/10/2017,26/10/2017,S138366,R,10/10/2017
P12EBU010NF1_01,JP,10100218,659662,"7,290.0",0.0,"7,290.0",10/10/2017,26/10/2017,S138366,R,10/10/2017
P12EBU010NF2_01,JP,10100219,659663,"5,490.0",0.0,"5,490.0",10/10/2017,26/10/2017,S138366,R,10/10/2017
P12EBU010NF3_01,JP,10100220,659664,"3,660.0",0.0,"3,660.0",10/10/2017,26/10/2017,S138366,R,10/10/2017
P12FAL001LP1_06,JP,10240305,662051,"4,050.0",0.0,"4,050.0",24/10/2017,13/11/2017,S138585,R,24/10/2017
P12FAL001LP2_06,JP,10230253,661971,"36,350.0",0.0,"36,350.0",23/10/2017,27/10/2017,S138570,R,24/10/2017
P12FAL001LP2_06,JP,10230255,661989,"10,610.0",0.0,"10,610.0",23/10/2017,30/10/2017,S138572,R,24/10/2017
P12FAL001LP3_06,JP,10230254,661972,"9,600.0",0.0,"9,600.0",23/10/2017,27/10/2017,S138570,R,24/10/2017
P12FAL001LP3_06,JP,10230256,661990,"35,330.0",0.0,"35,330.0",23/10/2017,30/10/2017,S138572,R,24/10/2017
P12FAL001LP3_06,JP,10240313,662061,"20,650.0",0.0,"20,650.0",24/10/2017,13/11/2017,S138585,R,24/10/2017
P12FPC006CE1_02,JP,10020267,658006,"29,430.0","17,140.0","12,290.0",02/10/2017,21/11/2017,S138195,R,02/10/2017
P12FPC006CE2_02,JP,10020268,658007,"7,720.0","4,540.0","3,180.0",02/10/2017,17/10/2017,S138194,R,02/10/2017
P12FPC006CE2_02,JP,468701,658007R,"3,180.0",0.0,"3,180.0",17/10/2017,17/10/2017,SHORTAGE,R,17/10/2017
P12FPC006CE2_02,JP,10020269,658008,"11,880.0",0.0,"11,880.0",02/10/2017,21/11/2017,S138195,R,02/10/2017
P12FPC007CE1_02,JP,10020273,658014,"17,930.0",0.0,"17,930.0",02/10/2017,21/11/2017,S138198,R,03/10/2017
P12FPC007CE3_02,JP,10020276,658017,"3,000.0",0.0,"3,000.0",02/10/2017,21/11/2017,S138198,R,03/10/2017
P12FPC008CE0_02,JP,10020305,658057,"14,950.0",0.0,"14,950.0",02/10/2017,17/11/2017,S138204,R,03/10/2017
P12FPC008CE1_02,JP,10020307,658059,"21,980.0","11,580.0","10,400.0",02/10/2017,17/11/2017,S138204,R,03/10/2017
P12FPC008CE2_02,JP,10020309,658061,"15,450.0",0.0,"15,450.0",02/10/2017,17/11/2017,S138204,R,03/10/2017
P12FPC009CE0_02,JP,10030203,658168,"3,000.0",0.0,"3,000.0",03/10/2017,17/11/2017,S138213,R,04/10/2017
P12FPC009CE2_02,JP,10030207,658172,"8,800.0",0.0,"8,800.0",03/10/2017,17/11/2017,S138213,R,04/10/2017
P12FPC009CE3_02,JP,10030208,658174,"4,000.0",0.0,"4,000.0",03/10/2017,17/11/2017,S138213,R,04/10/2017
P12FPC010CE0_02,JP,10160315,661020,"11,600.0",0.0,"11,600.0",16/10/2017,26/10/2017,S138486,R,17/10/2017
P12FPC010CE1_02,JP,468725,658188R,"4,560.0",0.0,"4,560.0",20/10/2017,20/10/2017,SHORTAGE,R,20/10/2017
P12FPC010CE1_02,JP,10030211,658189,"11,450.0",0.0,"11,450.0",03/10/2017,17/11/2017,S138216,R,03/10/2017
P12FPC010CE1_02,JP,10160316,661021,"7,080.0",0.0,"7,080.0",16/10/2017,17/11/2017,S138486,R,17/10/2017
P12FPC010CE2_02,JP,10030213,658191,"9,900.0",0.0,"9,900.0",03/10/2017,17/11/2017,S138216,R,03/10/2017
P12FPC010CE2_02,JP,10160317,661022,"3,000.0",0.0,"3,000.0",16/10/2017,17/11/2017,S138486,R,17/10/2017
P12FPC011CE1_02,JP,10030217,658216,"19,000.0","18,553.0",447.0,03/10/2017,21/11/2017,S138218,R,04/10/2017
P12FPC011CE2_02,JP,10030219,658218,"10,900.0",0.0,"10,900.0",03/10/2017,21/11/2017,S138218,R,04/10/2017
P12FPC011CE3_02,JP,10030220,658219,"3,400.0","3,400.0",0.0,03/10/2017,16/10/2017,S138217,R,04/10/2017
P12JET003LP1_06,JP,10040430,658564,"4,560.0",0.0,"4,560.0",04/10/2017,16/11/2017,S138270,R,05/10/2017
P12JET003LP1_06,JP,10190273,661353,"3,070.0",0.0,"3,070.0",19/10/2017,16/11/2017,S138528,R,19/10/2017
P12JET003LP2_06,JP,10040427,658561,"12,120.0",0.0,"12,120.0",04/10/2017,08/11/2017,S138269,R,05/10/2017
P12JET003LP2_06,JP,10040431,658565,"8,100.0",0.0,"8,100.0",04/10/2017,16/11/2017,S138270,R,05/10/2017
P12JET003LP2_06,JP,10190274,661363,"9,680.0",0.0,"9,680.0",19/10/2017,16/11/2017,S138528,R,19/10/2017
P12JET003LP3_06,JP,10040428,658562,"28,280.0",0.0,"28,280.0",04/10/2017,08/11/2017,S138269,R,05/10/2017
P12JET003LP3_06,JP,10190275,661364,"6,100.0",0.0,"6,100.0",19/10/2017,16/11/2017,S138528,R,19/10/2017
P12JET003LP3_06,JP,10040432,658566,"28,280.0",0.0,"28,280.0",04/10/2017,16/11/2017,S138270,R,05/10/2017
P12JET003LP4_06,JP,10040429,658563,"5,580.0",0.0,"5,580.0",04/10/2017,08/11/2017,S138269,R,05/10/2017
P12JET003LP4_06,JP,10040433,658567,"5,080.0",0.0,"5,080.0",04/10/2017,16/11/2017,S138270,R,05/10/2017
P12JET003LP4_06,JP,10190276,661365,"2,070.0",0.0,"2,070.0",19/10/2017,16/11/2017,S138528,R,19/10/2017
P12KIC001CE1_01,JP,10100223,659692,"3,235.0",0.0,"3,235.0",10/10/2017,02/11/2017,S138368,R,10/10/2017
P12KIC001CE2_01,JP,10100224,659694,"5,705.0",0.0,"5,705.0",10/10/2017,02/11/2017,S138368,R,10/10/2017
P12KIC003NF2_00,JP,09110416,653695,"2,620.0",0.0,"2,620.0",11/09/2017,10/11/2017,S137802,R,13/09/2017
P12LAB014LF1_00,JP,10120226,660146,"5,100.0","5,100.0",0.0,12/10/2017,24/10/2017,S138400,R,12/10/2017
P12LAB014LF2_00,JP,10120227,660147,"6,610.0","3,528.0","3,082.0",12/10/2017,24/10/2017,S138400,R,12/10/2017
P12LAB014LF3_00,JP,10120228,660148,"3,580.0","3,580.0",0.0,12/10/2017,24/10/2017,S138400,R,12/10/2017
P12MED312LP2_00,JP,10130324,660467,"12,000.0","12,000.0",0.0,13/10/2017,23/10/2017,S138441,R,13/10/2017
P12MED312LP2_00,JP,10190285,661418,"12,000.0","12,000.0",0.0,19/10/2017,30/10/2017,S138531,R,20/10/2017
P12MED312LPX_00,JP,10130322,660465,"4,000.0","4,000.0",0.0,13/10/2017,23/10/2017,S138441,R,13/10/2017
P12MED312LPX_00,JP,10190284,661417,"4,000.0","4,000.0",0.0,19/10/2017,30/10/2017,S138531,R,20/10/2017
P12MEI002CE2_01,JP,10130325,660468,"5,405.0",0.0,"5,405.0",13/10/2017,02/11/2017,S138442,R,13/10/2017
P12MIC014NF1_00,JP,10120234,660170,"1,000.0",0.0,"1,000.0",12/10/2017,30/10/2017,S138402,R,13/10/2017
P12MIC014NF1_00,JP,10120229,660163,"3,075.0",0.0,"3,075.0",12/10/2017,30/10/2017,S138401,R,13/10/2017
P12MIC014NF2_00,JP,10120230,660164,"3,575.0",0.0,"3,575.0",12/10/2017,30/10/2017,S138401,R,13/10/2017
P12MIC014NF2_00,JP,10120235,660171,"2,600.0",0.0,"2,600.0",12/10/2017,30/10/2017,S138402,R,13/10/2017
P12MIC014NF3_00,JP,10120231,660165,"5,085.0",0.0,"5,085.0",12/10/2017,30/10/2017,S138401,R,13/10/2017
P12MIC014NF3_00,JP,10120236,660172,"3,575.0",0.0,"3,575.0",12/10/2017,30/10/2017,S138402,R,13/10/2017
P12MIC014NF3_00,JP,10120237,660173,"1,075.0",0.0,"1,075.0",12/10/2017,30/10/2017,S138402,R,13/10/2017
P12MIC014NF4_00,JP,10120232,660166,"1,100.0",0.0,"1,100.0",12/10/2017,30/10/2017,S138401,R,13/10/2017
P12MIC014NF4_00,JP,10120238,660174,"1,075.0",0.0,"1,075.0",12/10/2017,30/10/2017,S138402,R,13/10/2017
P12MIC014NF5_00,JP,10120233,660167,"1,400.0",0.0,"1,400.0",12/10/2017,30/10/2017,S138401,R,13/10/2017
P12NIT024NF1_04,JP,10170326,661179,"2,050.0",0.0,"2,050.0",17/10/2017,03/11/2017,S138514,R,19/10/2017
P12NIT024NF2_04,JP,10170327,661180,"4,060.0",0.0,"4,060.0",17/10/2017,03/11/2017,S138514,R,19/10/2017
P12NIT024NF3_04,JP,468695,661165,"18,200.0",0.0,"18,200.0",17/10/2017,03/11/2017,S138513,R,19/10/2017
P12NIT024NF4_04,JP,10170328,661181,"24,300.0",0.0,"24,300.0",17/10/2017,03/11/2017,S138514,R,19/10/2017
P12NIT117NF3_01,JP,10170322,661160,"3,250.0",0.0,"3,250.0",17/10/2017,25/10/2017,S138511,R,17/10/2017
P12NIT117NF4_01,JP,10170323,661161,"2,850.0",0.0,"2,850.0",17/10/2017,25/10/2017,S138511,R,17/10/2017
P12PRE020LF1_01,JP,10130362,660565,"1,000.0",0.0,"1,000.0",13/10/2017,01/11/2017,S138456,R,17/10/2017
P12PRE020LF2_01,JP,10160348,661063,"2,310.0",0.0,"2,310.0",16/10/2017,01/11/2017,S138456,R,17/10/2017
P12PRE020LF3_01,JP,10160349,661064,"2,290.0",0.0,"2,290.0",16/10/2017,01/11/2017,S138456,R,17/10/2017
P12PRE020LF4_01,JP,10160350,661065,"1,000.0",0.0,"1,000.0",16/10/2017,01/11/2017,S138456,R,17/10/2017
P12THE018NF1_02,JP,10020262,658000,"1,000.0",0.0,"1,000.0",02/10/2017,30/10/2017,S138188,R,02/10/2017
P12THE018NF2_02,JP,10020263,658001,"5,830.0",0.0,"5,830.0",02/10/2017,30/10/2017,S138188,R,02/10/2017
P12THE018NF4_02,JP,10020264,658002,"14,600.0",0.0,"14,600.0",02/10/2017,30/10/2017,S138188,R,02/10/2017
PIBA124650,JP,10130368,660577,"4,445.0",0.0,"4,445.0",13/10/2017,04/12/2017,S138453,R,17/10/2017
PIFA124001,JP,10130367,660576,"4,510.0",0.0,"4,510.0",13/10/2017,04/12/2017,S138452,R,17/10/2017
PIFA203002,JP,10130364,660573,"4,430.0",0.0,"4,430.0",13/10/2017,04/12/2017,S138449,R,17/10/2017
PIFP823014,JP,10160334,661046,"19,715.0",0.0,"19,715.0",16/10/2017,20/11/2017,S138497,R,17/10/2017
PIFU067010,JP,10130363,660572,"15,614.0",0.0,"15,614.0",13/10/2017,13/11/2017,S138448,R,16/10/2017
PIFX862400,JP,10160341,661053,"5,000.0",0.0,"5,000.0",16/10/2017,20/11/2017,S138498,R,17/10/2017
PIHA123000,JP,10130369,660578,"4,415.0",0.0,"4,415.0",13/10/2017,04/01/2018,S138454,R,17/10/2017
PIHA203002,JP,10130365,660574,"4,792.0",0.0,"4,792.0",13/10/2017,04/12/2017,S138450,R,17/10/2017
PIHT067000,JP,09280327,657376,"3,000.0",0.0,"3,000.0",28/09/2017,03/11/2017,S138148,R,28/09/2017
PIHX824252,JP,10160328,661040,"20,000.0",0.0,"20,000.0",16/10/2017,01/11/2017,S138492,R,19/10/2017
PIHX825002,JP,10130388,660619,"12,930.0","13,145.0",0.0,13/10/2017,24/10/2017,S138470,R,16/10/2017
PIHX825003,JP,10130385,660616,"19,730.0","19,810.0",0.0,13/10/2017,24/10/2017,S138467,R,16/10/2017
PIHX825500,JP,10160279,660779,"20,000.0",0.0,"20,000.0",16/10/2017,20/11/2017,S138473,R,16/10/2017
PIHX862000,JP,10160332,661044,"5,000.0",0.0,"5,000.0",16/10/2017,01/11/2017,S138495,R,17/10/2017
PIHX863252,JP,10130384,660615,"14,783.0","14,850.0",0.0,13/10/2017,24/10/2017,S138464,R,16/10/2017
PIQA124001,JP,10130366,660575,"4,145.0",0.0,"4,145.0",13/10/2017,04/12/2017,S138451,R,17/10/2017
PIQF067000,JP,10120268,660247,"5,600.0","4,952.0",648.0,12/10/2017,24/10/2017,S138416,R,12/10/2017
PIQP823001,JP,10130387,660618,"4,901.0",0.0,"4,901.0",13/10/2017,26/10/2017,S138469,R,16/10/2017
PKG-000042-0-0,JP,09200283,655648,"1,305.0",0.0,"1,305.0",20/09/2017,30/10/2017,S138001,R,21/09/2017
PM-IB-NDERM L 007,JP,09280323,657366,"7,100.0","7,400.0",0.0,28/09/2017,25/10/2017,S138145,R,28/09/2017
PM-IB-NDERM M 007,JP,09280322,657365,"12,000.0","12,800.0",0.0,28/09/2017,25/10/2017,S138145,R,28/09/2017
PM-IB-NDERM S 007,JP,09280321,657364,"8,165.0","8,600.0",0.0,28/09/2017,25/10/2017,S138145,R,28/09/2017
PM-IB-NDERM XL 007,JP,09280324,657367,"2,600.0","3,100.0",0.0,28/09/2017,25/10/2017,S138145,R,28/09/2017
PM-IB-NDERM XS 007,JP,09280320,657363,"1,300.0","1,600.0",0.0,28/09/2017,25/10/2017,S138145,R,28/09/2017
PM-IB-NDERM XXL007,JP,09280325,657368,"1,000.0","1,600.0",0.0,28/09/2017,25/10/2017,S138145,R,28/09/2017
SANITEX BN NIT L,JP,10130320,660463,"6,100.0","6,500.0",0.0,13/10/2017,24/10/2017,S138455,R,16/10/2017
SANITEX BN NIT M,JP,10130319,660462,"8,200.0","8,500.0",0.0,13/10/2017,24/10/2017,S138455,R,16/10/2017
SANITEX BN NIT XL,JP,10130321,660464,"3,100.0","3,500.0",0.0,13/10/2017,24/10/2017,S138455,R,16/10/2017
SARGURU PHOTO,JP,10050277,658828,"1,000.0",0.0,"1,000.0",05/10/2017,20/10/2017,S138308,R,05/10/2017
SM-0588,JP,468712,661461,"100,000.0",0.0,"100,000.0",19/10/2017,19/10/2017,,R,19/10/2017
SM-0590,JP,468713,661462,"500,000.0","136,590.0","363,410.0",19/10/2017,19/10/2017,,R,19/10/2017
TB12,JP,10200294,661598,"19,700.0",0.0,"19,700.0",20/10/2017,01/11/2017,S138550,R,20/10/2017
TDF0011-0001,JP,468397,656945,300.0,0.0,300.0,27/09/2017,27/09/2017,SAMPLE,R,27/09/2017
TDF0011-0002,JP,468398,656946,300.0,0.0,300.0,27/09/2017,27/09/2017,SAMPLE,R,27/09/2017
TDF0011-0003,JP,468404,657041,100.0,0.0,100.0,27/09/2017,04/10/2017,SAMPLE,R,27/09/2017
TDH0014-0001,JP,10130347,660518,"60,000.0","62,063.0",0.0,13/10/2017,20/10/2017,S138445,R,13/10/2017
TDH0014-0002,JP,10130348,660519,"46,270.0","47,090.0",0.0,13/10/2017,20/10/2017,S138445,R,13/10/2017
TDH0016-0012,JP,10100211,659568,"19,684.0","19,965.0",0.0,10/10/2017,17/10/2017,S138360,R,10/10/2017
TDJ0004-0050,JP,468696,661188,"15,000.0",0.0,"15,000.0",17/10/2017,19/10/2017,,R,17/10/2017
TDS0021-0003,JP,10160322,661031,"46,754.0",0.0,"46,754.0",16/10/2017,15/11/2017,S138491,R,17/10/2017
TDS0021-0004,JP,10160323,661032,"3,845.0",0.0,"3,845.0",16/10/2017,15/11/2017,S138491,R,17/10/2017
TDS0021-0006,JP,10160324,661033,"1,168.0",0.0,"1,168.0",16/10/2017,15/11/2017,S138491,R,17/10/2017
TDU0002-0116,JP,10100221,659674,"2,800.0",0.0,"2,800.0",10/10/2017,13/11/2017,S138367,R,11/10/2017
TDU0002-0121,JP,10050235,658656,"6,250.0",0.0,"6,250.0",05/10/2017,06/11/2017,S138279,R,05/10/2017
TDU0002-0122,JP,09110338,653476,"8,000.0","8,220.0",0.0,11/09/2017,16/10/2017,S137786,R,11/09/2017
TDU0002-0136,JP,10060249,658905,"6,120.0",0.0,"6,120.0",06/10/2017,06/11/2017,S138311,R,06/10/2017
TDU0002-0146,JP,10060246,658902,"4,720.0",0.0,"4,720.0",06/10/2017,06/11/2017,S138309,R,06/10/2017
TDU0002-0148,JP,10090361,659513,"5,120.0",0.0,"5,120.0",09/10/2017,06/11/2017,S138357,R,10/10/2017
TDU0002-0149,JP,09110340,653478,"5,200.0","5,400.0",0.0,11/09/2017,16/10/2017,S137789,R,11/09/2017
TDU0002-0152,JP,10040411,658524,"3,750.0",0.0,"3,750.0",04/10/2017,13/11/2017,S138260,R,04/10/2017
TDU0002-0153,JP,10040412,658525,"1,000.0",0.0,"1,000.0",04/10/2017,13/11/2017,S138260,R,04/10/2017
TDU0002-0196,JP,10020244,657904,"4,280.0",0.0,"4,280.0",02/10/2017,06/11/2017,S138180,R,02/10/2017
TDU0002-0197,JP,10020245,657905,"2,000.0",0.0,"2,000.0",02/10/2017,06/11/2017,S138180,R,02/10/2017
TDU0002-0199,JP,10040415,658531,"4,150.0",0.0,"4,150.0",04/10/2017,13/11/2017,S138261,R,04/10/2017
TDU0002-0202,JP,10050232,658653,"2,200.0",0.0,"2,200.0",05/10/2017,06/11/2017,S138278,R,05/10/2017
TDU0002-0252,JP,10060248,658904,"5,000.0",0.0,"5,000.0",06/10/2017,06/11/2017,S138311,R,06/10/2017
TDU0002-0253,JP,10060250,658906,"1,000.0",0.0,"1,000.0",06/10/2017,06/11/2017,S138311,R,06/10/2017
TDU0002-0254,JP,10060251,658907,"1,500.0",0.0,"1,500.0",06/10/2017,06/11/2017,S138311,R,06/10/2017
TDU0002-0255,JP,10090362,659514,"1,500.0",0.0,"1,500.0",09/10/2017,06/11/2017,S138357,R,10/10/2017
TDU0002-0256,JP,10090363,659515,"1,000.0",0.0,"1,000.0",09/10/2017,06/11/2017,S138357,R,10/10/2017
TDU0002-0257,JP,10050233,658654,"1,000.0",0.0,"1,000.0",05/10/2017,06/11/2017,S138278,R,05/10/2017
TDU0002-0258,JP,10050234,658655,"2,000.0",0.0,"2,000.0",05/10/2017,06/11/2017,S138279,R,05/10/2017
TDU0002-0259,JP,10040414,658530,"2,000.0",0.0,"2,000.0",04/10/2017,13/11/2017,S138261,R,04/10/2017
TDU0002-0260,JP,10060244,658900,"1,000.0",0.0,"1,000.0",06/10/2017,06/11/2017,S138309,R,06/10/2017
TDU0002-0261,JP,10060245,658901,"5,000.0",0.0,"5,000.0",06/10/2017,06/11/2017,S138309,R,06/10/2017
TDU0002-0262,JP,10060247,658903,500.0,0.0,500.0,06/10/2017,06/11/2017,S138309,R,06/10/2017
TDU0002-0263,JP,10100222,659677,"1,000.0",0.0,"1,000.0",10/10/2017,13/11/2017,S138367,R,11/10/2017
TPK-730346-0030,JP,10130358,660557,"50,000.0",0.0,"50,000.0",13/10/2017,31/10/2017,S138428,R,13/10/2017
TPK-733768-0070,JP,09220298,656008,"20,000.0","20,645.0",0.0,22/09/2017,10/10/2017,S138012,R,22/09/2017
TPK-733768-0070,JP,10130359,660558,"20,000.0","3,053.0","16,947.0",13/10/2017,31/10/2017,S138429,R,13/10/2017
TPK-733953-0060,JP,09220300,656012,"20,000.0","18,485.0","1,515.0",22/09/2017,10/10/2017,S138015,R,22/09/2017
TPK-785256-0010,JP,10130360,660559,"33,000.0","33,860.0",0.0,13/10/2017,31/10/2017,S138433,R,13/10/2017
TPK-788923-0010,JP,10230249,661964,"20,000.0",0.0,"20,000.0",23/10/2017,06/11/2017,S138567,R,23/10/2017
TPK-788924-0010,JP,09220307,656031,"10,800.0","10,900.0",0.0,22/09/2017,10/10/2017,S138024,R,22/09/2017
TPK-788927-0010,JP,09280284,657271,"1,500.0","5,160.0",0.0,28/09/2017,17/10/2017,S138125,R,28/09/2017
TPKH-P00000659-100,JP,468715,661520,100.0,0.0,100.0,20/10/2017,25/10/2017,SAMPLE,R,20/10/2017
VASCO BL 150/3 M,JP,10100241,659748,"157,455.0","76,700.0","80,755.0",10/10/2017,20/10/2017,S138371,R,11/10/2017
VASCO BL 150/3 S,JP,10100240,659747,"89,420.0","79,550.0","9,870.0",10/10/2017,20/10/2017,S138371,R,11/10/2017
VASCO NPF 150/3 L,JP,10240318,662072,"66,700.0",0.0,"66,700.0",24/10/2017,06/11/2017,S138583,R,24/10/2017
VASCO NPF 150/3 M,JP,10240317,662071,"126,200.0",0.0,"126,200.0",24/10/2017,06/11/2017,S138583,R,24/10/2017
VASCO NPF 150/3 S,JP,10240316,662070,"80,900.0",0.0,"80,900.0",24/10/2017,06/11/2017,S138583,R,24/10/2017
VASCO NPF 150/3 XL,JP,10240319,662073,"7,700.0",0.0,"7,700.0",24/10/2017,06/11/2017,S138583,R,24/10/2017
WF-0476B,JP,468666,660603,"50,000.0","52,240.0",0.0,13/10/2017,13/10/2017,,R,13/10/2017
X19-95743-01,JP,10200301,661685,"7,550.0",0.0,"7,550.0",20/10/2017,30/10/2017,S138555,R,20/10/2017
Z311031,JP,466932,621578R1,300.0,0.0,300.0,22/06/2017,22/06/2017,SHORTAGE,R,22/06/2017
Z340136,JP,466950,622831R1,300.0,0.0,300.0,22/06/2017,22/06/2017,SHORTAGE,R,22/06/2017
Z340222,JP,466950,622830R1,300.0,0.0,300.0,22/06/2017,22/06/2017,SHORTAGE,R,22/06/2017
Z340223,JP,466951,622834R1,300.0,0.0,300.0,22/06/2017,22/06/2017,SHORTAGE,R,22/06/2017
Z340244,JP,466949,622826R1,300.0,0.0,300.0,22/06/2017,22/06/2017,SHORTAGE,R,22/06/2017
Z340278,JP,466949,622825R1,300.0,0.0,300.0,22/06/2017,22/06/2017,SHORTAGE,R,22/06/2017
Z340292,JP,466951,622833R1,300.0,0.0,300.0,22/06/2017,22/06/2017,SHORTAGE,R,22/06/2017
